{"stats":{"minecraft:used":{"minecraft:oak_trapdoor":2,"minecraft:stone_shovel":133,"minecraft:chest":2,"minecraft:shield":17,"minecraft:bell":2,"minecraft:rotten_flesh":1,"minecraft:stone_hoe":11,"minecraft:torch":87,"minecraft:dirt":233,"minecraft:mutton":11,"minecraft:dark_oak_planks":171,"minecraft:bookshelf":2,"minecraft:iron_axe":380,"minecraft:dark_oak_slab":16,"minecraft:tripwire_hook":4,"minecraft:beef":5,"minecraft:sweet_berries":10,"minecraft:furnace":5,"minecraft:egg":2,"minecraft:cooked_beef":3,"minecraft:dark_oak_sapling":4,"minecraft:golden_boots":1,"minecraft:cooked_mutton":2,"minecraft:water_bucket":8,"minecraft:stone_pickaxe":32,"minecraft:oak_planks":54,"minecraft:wooden_pickaxe":11,"minecraft:composter":4,"minecraft:fletching_table":17,"minecraft:sugar_cane":85,"minecraft:white_wool":1,"minecraft:dark_oak_trapdoor":2,"minecraft:sand":15,"minecraft:crafting_table":6,"minecraft:blast_furnace":1,"minecraft:white_bed":35,"minecraft:shears":21,"minecraft:lever":2,"minecraft:diamond_pickaxe":122,"minecraft:apple":1,"minecraft:diamond_shovel":606,"minecraft:iron_pickaxe":49,"minecraft:string":6,"minecraft:bread":42,"minecraft:lectern":14,"minecraft:gravel":202,"minecraft:stone_axe":203,"minecraft:cobblestone":165,"minecraft:grindstone":1,"minecraft:cooked_porkchop":5,"minecraft:smithing_table":1,"minecraft:bucket":9,"minecraft:pumpkin_pie":3,"minecraft:yellow_bed":7,"minecraft:golden_pickaxe":15,"minecraft:bone_meal":4},"minecraft:crafted":{"minecraft:chainmail_helmet":9,"minecraft:smooth_stone":3,"minecraft:oak_planks":208,"minecraft:stone_shovel":1,"minecraft:tripwire_hook":4,"minecraft:furnace":2,"minecraft:blast_furnace":1,"minecraft:dark_oak_trapdoor":2,"minecraft:stone":3,"minecraft:yellow_bed":3,"minecraft:lever":2,"minecraft:bone_meal":33,"minecraft:diamond_shovel":6,"minecraft:bookshelf":10,"minecraft:cooked_mutton":2,"minecraft:diamond_helmet":2,"minecraft:diamond_leggings":3,"minecraft:bow":81,"minecraft:iron_boots":11,"minecraft:iron_axe":14,"minecraft:stone_pickaxe":1,"minecraft:chest":2,"minecraft:diamond_boots":3,"minecraft:dark_oak_planks":612,"minecraft:stone_hoe":35,"minecraft:wheat":72,"minecraft:cooked_beef":2,"minecraft:arrow":800,"minecraft:emerald":928,"minecraft:cooked_porkchop":6,"minecraft:crafting_table":2,"minecraft:wooden_pickaxe":1,"minecraft:smithing_table":1,"minecraft:fletching_table":10,"minecraft:bucket":2,"minecraft:stone_axe":36,"minecraft:enchanted_book":2,"minecraft:bread":354,"minecraft:air":0,"minecraft:lectern":8,"minecraft:book":15,"minecraft:dark_oak_slab":66,"minecraft:white_wool":80,"minecraft:paper":63,"minecraft:diamond_pickaxe":4,"minecraft:shield":1,"minecraft:stick":608,"minecraft:iron_ingot":7,"minecraft:chainmail_boots":12,"minecraft:iron_pickaxe":4,"minecraft:white_bed":32,"minecraft:pumpkin_pie":96,"minecraft:torch":80,"minecraft:shears":1},"minecraft:custom":{"minecraft:interact_with_smithing_table":3,"minecraft:mob_kills":60,"minecraft:interact_with_crafting_table":58,"minecraft:bell_ring":6,"minecraft:leave_game":8,"minecraft:time_since_death":92604,"minecraft:sprint_one_cm":783679,"minecraft:walk_one_cm":451278,"minecraft:damage_blocked_by_shield":640,"minecraft:drop":739,"minecraft:talked_to_villager":392,"minecraft:play_time":215233,"minecraft:sneak_time":19151,"minecraft:deaths":5,"minecraft:walk_under_water_one_cm":5795,"minecraft:jump":4386,"minecraft:interact_with_blast_furnace":2,"minecraft:walk_on_water_one_cm":23416,"minecraft:total_world_time":215233,"minecraft:interact_with_furnace":49,"minecraft:traded_with_villager":1281,"minecraft:interact_with_grindstone":1,"minecraft:sleep_in_bed":6,"minecraft:time_since_rest":2342,"minecraft:damage_taken":4078,"minecraft:damage_dealt":13186,"minecraft:player_kills":5,"minecraft:swim_one_cm":25012,"minecraft:fly_one_cm":776039,"minecraft:open_chest":39,"minecraft:crouch_one_cm":75252,"minecraft:fall_one_cm":104262},"minecraft:mined":{"minecraft:dark_oak_planks":129,"minecraft:white_bed":2,"minecraft:dark_oak_leaves":30,"minecraft:dark_oak_log":106,"minecraft:brewing_stand":2,"minecraft:granite":8,"minecraft:grass_block":246,"minecraft:composter":5,"minecraft:hay_block":8,"minecraft:oak_trapdoor":2,"minecraft:furnace":7,"minecraft:carrots":1,"minecraft:iron_ore":7,"minecraft:fletching_table":7,"minecraft:gold_block":1,"minecraft:bell":2,"minecraft:bookshelf":2,"minecraft:dirt_path":1,"minecraft:oak_stairs":5,"minecraft:stripped_oak_log":1,"minecraft:stone":23,"minecraft:white_wool":9,"minecraft:glass_pane":1,"minecraft:stripped_dark_oak_log":1,"minecraft:crafting_table":3,"minecraft:torch":4,"minecraft:poppy":1,"minecraft:chest":1,"minecraft:lectern":11,"minecraft:tall_grass":3,"minecraft:cobblestone":95,"minecraft:oak_planks":91,"minecraft:sugar_cane":35,"minecraft:wall_torch":5,"minecraft:dark_oak_slab":7,"minecraft:yellow_wool":9,"minecraft:sweet_berry_bush":5,"minecraft:yellow_bed":4,"minecraft:grass":52,"minecraft:coal_ore":45,"minecraft:oak_log":50,"minecraft:gravel":263,"minecraft:dirt":284,"minecraft:netherrack":2,"minecraft:fern":1},"minecraft:dropped":{"minecraft:stone_hoe":41,"minecraft:golden_boots":1,"minecraft:bread":332,"minecraft:wheat_seeds":11,"minecraft:golden_pickaxe":2,"minecraft:dark_oak_sapling":2,"minecraft:diamond_leggings":4,"minecraft:dark_oak_slab":18,"minecraft:feather":2,"minecraft:golden_axe":1,"minecraft:cobblestone":3,"minecraft:book":9,"minecraft:chainmail_helmet":9,"minecraft:coal":23,"minecraft:emerald":181,"minecraft:dirt":322,"minecraft:ink_sac":1,"minecraft:torch":4,"minecraft:diamond_helmet":2,"minecraft:oak_stairs":4,"minecraft:pumpkin_pie":96,"minecraft:iron_axe":12,"minecraft:iron_pickaxe":4,"minecraft:dark_oak_planks":267,"minecraft:string":3423,"minecraft:furnace":2,"minecraft:stone_axe":36,"minecraft:raw_iron":3,"minecraft:composter":2,"minecraft:chicken":2,"minecraft:rotten_flesh":5,"minecraft:iron_boots":19,"minecraft:light_gray_wool":1,"minecraft:oak_planks":6,"minecraft:stripped_oak_log":1,"minecraft:poppy":4,"minecraft:diamond_pickaxe":4,"minecraft:chainmail_boots":12,"minecraft:spider_eye":2,"minecraft:diamond_boots":4,"minecraft:bow":119,"minecraft:arrow":1040,"minecraft:stone_pickaxe":3,"minecraft:wooden_pickaxe":2,"minecraft:lectern":6,"minecraft:egg":2},"minecraft:killed_by":{"minecraft:creeper":2,"minecraft:iron_golem":2,"minecraft:skeleton":1},"minecraft:killed":{"minecraft:spider":7,"minecraft:skeleton":10,"minecraft:pig":8,"minecraft:iron_golem":3,"minecraft:sheep":8,"minecraft:zombie":12,"minecraft:cow":9},"minecraft:broken":{"minecraft:iron_axe":1,"minecraft:stone_axe":2,"minecraft:stone_shovel":1},"minecraft:picked_up":{"minecraft:crafting_table":4,"minecraft:chicken":2,"minecraft:yellow_wool":12,"minecraft:golden_pickaxe":2,"minecraft:wooden_pickaxe":2,"minecraft:oak_stairs":4,"minecraft:gold_block":1,"minecraft:enchanted_book":3,"minecraft:brewing_stand":2,"minecraft:shield":3,"minecraft:string":38972,"minecraft:oak_trapdoor":2,"minecraft:iron_axe":3,"minecraft:diamond_leggings":1,"minecraft:beef":18,"minecraft:poppy":4,"minecraft:iron_pickaxe":1,"minecraft:light_gray_wool":1,"minecraft:lectern":13,"minecraft:sugar_cane":49,"minecraft:chest":1,"minecraft:furnace":8,"minecraft:iron_boots":8,"minecraft:egg":4,"minecraft:dark_oak_sapling":8,"minecraft:stick":56,"minecraft:raw_iron":13,"minecraft:composter":7,"minecraft:torch":12,"minecraft:porkchop":18,"minecraft:golden_axe":1,"minecraft:dark_oak_planks":329,"minecraft:arrow":233,"minecraft:stone_shovel":1,"minecraft:rotten_flesh":9,"minecraft:pumpkin_pie":24,"minecraft:shears":3,"minecraft:diamond_boots":1,"minecraft:hay_block":8,"minecraft:glistering_melon_slice":5,"minecraft:mutton":16,"minecraft:white_wool":44,"minecraft:cobblestone":198,"minecraft:stripped_oak_log":1,"minecraft:feather":2,"minecraft:cooked_beef":20,"minecraft:leather":22,"minecraft:flint":27,"minecraft:oak_log":52,"minecraft:golden_boots":3,"minecraft:yellow_bed":4,"minecraft:dirt":563,"minecraft:bone":13,"minecraft:apple":1,"minecraft:bow":23,"minecraft:wheat_seeds":11,"minecraft:bell":2,"minecraft:iron_ingot":31,"minecraft:stone_pickaxe":3,"minecraft:fletching_table":6,"minecraft:oak_planks":144,"minecraft:book":6,"minecraft:dark_oak_slab":8,"minecraft:cooked_porkchop":22,"minecraft:sweet_berries":10,"minecraft:gravel":289,"minecraft:sand":15,"minecraft:ink_sac":1,"minecraft:white_bed":5,"minecraft:dark_oak_log":173,"minecraft:spider_eye":2,"minecraft:diamond_shovel":4,"minecraft:stone_axe":2,"minecraft:granite":8,"minecraft:bread":95,"minecraft:emerald":366,"minecraft:black_wool":2,"minecraft:stripped_dark_oak_log":1,"minecraft:coal":104,"minecraft:diamond_pickaxe":3}},"DataVersion":3465}