{"stats":{"minecraft:used":{"minecraft:dispenser":54,"minecraft:elytra":4,"minecraft:oak_sign":6,"minecraft:chest":9,"minecraft:shield":33,"minecraft:stone":66,"minecraft:bell":2,"minecraft:rotten_flesh":1,"minecraft:soul_sand":3,"minecraft:mutton":11,"minecraft:obsidian":24,"minecraft:glass":52,"minecraft:lava_bucket":3,"minecraft:lantern":9,"minecraft:dark_oak_slab":62,"minecraft:dark_oak_button":1,"minecraft:repeater":30,"minecraft:redstone_lamp":1,"minecraft:bow":149,"minecraft:dark_oak_boat":13,"minecraft:sweet_berries":10,"minecraft:furnace":8,"minecraft:egg":2,"minecraft:dark_oak_sapling":16,"minecraft:golden_boots":1,"minecraft:dark_oak_stairs":1,"minecraft:oak_planks":128,"minecraft:stone_pickaxe":32,"minecraft:powered_rail":32,"minecraft:dark_oak_sign":3,"minecraft:ender_pearl":17,"minecraft:wooden_pickaxe":11,"minecraft:composter":16,"minecraft:diamond_axe":320,"minecraft:sugar_cane":149,"minecraft:white_wool":1,"minecraft:dark_oak_trapdoor":2,"minecraft:sand":15,"minecraft:blast_furnace":1,"minecraft:end_stone":50,"minecraft:shears":105,"minecraft:redstone_torch":17,"minecraft:lever":3,"minecraft:firework_rocket":39,"minecraft:dark_oak_log":39,"minecraft:bread":208,"minecraft:string":157,"minecraft:lectern":53,"minecraft:gravel":202,"minecraft:diamond_sword":542,"minecraft:grindstone":1,"minecraft:andesite":1,"minecraft:smithing_table":1,"minecraft:golden_pickaxe":15,"minecraft:oak_trapdoor":2,"minecraft:bone_meal":4,"minecraft:flint_and_steel":62,"minecraft:stone_shovel":133,"minecraft:redstone":155,"minecraft:ender_chest":15,"minecraft:stone_hoe":11,"minecraft:netherrack":536,"minecraft:torch":183,"minecraft:brewing_stand":4,"minecraft:anvil":3,"minecraft:dirt":1710,"minecraft:white_carpet":18,"minecraft:hopper":1,"minecraft:dark_oak_planks":292,"minecraft:chipped_anvil":7,"minecraft:bookshelf":20,"minecraft:iron_axe":601,"minecraft:diamond_chestplate":4,"minecraft:tripwire_hook":7,"minecraft:beef":5,"minecraft:minecart":16,"minecraft:cooked_beef":3,"minecraft:observer":1,"minecraft:cobbled_deepslate":2,"minecraft:cooked_mutton":2,"minecraft:water_bucket":165,"minecraft:fletching_table":39,"minecraft:rail":90,"minecraft:crafting_table":19,"minecraft:white_bed":39,"minecraft:piston":106,"minecraft:ender_eye":30,"minecraft:diamond_pickaxe":2267,"minecraft:apple":1,"minecraft:diamond_shovel":2344,"minecraft:iron_pickaxe":50,"minecraft:stone_axe":203,"minecraft:cobblestone":624,"minecraft:cooked_porkchop":12,"minecraft:bucket":214,"minecraft:pumpkin_pie":126,"minecraft:yellow_bed":7,"minecraft:end_portal_frame":12},"minecraft:crafted":{"minecraft:ender_chest":1,"minecraft:oak_planks":252,"minecraft:smooth_stone":3,"minecraft:chainmail_helmet":9,"minecraft:oak_sign":6,"minecraft:dark_oak_boat":3,"minecraft:blaze_powder":14,"minecraft:stone":3,"minecraft:lever":3,"minecraft:diamond_shovel":7,"minecraft:bookshelf":31,"minecraft:cooked_mutton":2,"minecraft:glass":60,"minecraft:hopper":1,"minecraft:diamond_helmet":4,"minecraft:repeater":24,"minecraft:bow":164,"minecraft:diamond_leggings":5,"minecraft:iron_boots":11,"minecraft:chest":9,"minecraft:rail":48,"minecraft:stone_hoe":35,"minecraft:ender_eye":13,"minecraft:name_tag":5,"minecraft:redstone_lamp":1,"minecraft:arrow":1776,"minecraft:emerald":3089,"minecraft:cooked_porkchop":6,"minecraft:diamond_axe":4,"minecraft:crafting_table":7,"minecraft:wooden_pickaxe":1,"minecraft:smithing_table":1,"minecraft:fletching_table":10,"minecraft:brewing_stand":1,"minecraft:dispenser":40,"minecraft:lectern":14,"minecraft:dark_oak_slab":156,"minecraft:book":15,"minecraft:paper":84,"minecraft:diamond_pickaxe":5,"minecraft:shield":1,"minecraft:stick":664,"minecraft:iron_ingot":82,"minecraft:compass":7,"minecraft:iron_pickaxe":4,"minecraft:iron_block":9,"minecraft:gold_ingot":18,"minecraft:redstone_torch":63,"minecraft:composter":4,"minecraft:shears":4,"minecraft:redstone":338,"minecraft:stone_shovel":1,"minecraft:tripwire_hook":4,"minecraft:furnace":2,"minecraft:blast_furnace":1,"minecraft:piston":123,"minecraft:dark_oak_trapdoor":2,"minecraft:yellow_bed":3,"minecraft:dark_oak_sign":3,"minecraft:bone_meal":33,"minecraft:lantern":9,"minecraft:iron_axe":38,"minecraft:stone_pickaxe":1,"minecraft:diamond_boots":5,"minecraft:dark_oak_planks":1136,"minecraft:observer":1,"minecraft:minecart":4,"minecraft:wheat":72,"minecraft:cooked_beef":2,"minecraft:crimson_planks":12,"minecraft:diamond_sword":4,"minecraft:dark_oak_stairs":4,"minecraft:powered_rail":12,"minecraft:iron_sword":1,"minecraft:bucket":43,"minecraft:dark_oak_button":1,"minecraft:stone_axe":36,"minecraft:enchanted_book":46,"minecraft:air":0,"minecraft:bread":576,"minecraft:white_wool":80,"minecraft:chainmail_boots":12,"minecraft:anvil":3,"minecraft:white_bed":32,"minecraft:pumpkin_pie":144,"minecraft:torch":96,"minecraft:diamond_chestplate":2,"minecraft:firework_rocket":39},"minecraft:custom":{"minecraft:interact_with_crafting_table":138,"minecraft:open_shulker_box":4,"minecraft:bell_ring":6,"minecraft:leave_game":35,"minecraft:time_since_death":347034,"minecraft:sprint_one_cm":2973642,"minecraft:damage_blocked_by_shield":2830,"minecraft:drop":1268,"minecraft:talked_to_villager":981,"minecraft:play_time":878301,"minecraft:deaths":6,"minecraft:jump":19686,"minecraft:interact_with_brewingstand":2,"minecraft:walk_on_water_one_cm":137053,"minecraft:interact_with_furnace":66,"minecraft:traded_with_villager":3357,"minecraft:sleep_in_bed":23,"minecraft:open_enderchest":29,"minecraft:damage_dealt":55768,"minecraft:player_kills":14,"minecraft:crouch_one_cm":365956,"minecraft:interact_with_smithing_table":5,"minecraft:inspect_dispenser":138,"minecraft:interact_with_anvil":33,"minecraft:mob_kills":232,"minecraft:climb_one_cm":1368,"minecraft:walk_one_cm":1678237,"minecraft:sneak_time":87562,"minecraft:walk_under_water_one_cm":57443,"minecraft:boat_one_cm":31924,"minecraft:interact_with_blast_furnace":9,"minecraft:total_world_time":878301,"minecraft:interact_with_grindstone":9,"minecraft:time_since_rest":460,"minecraft:damage_taken":15015,"minecraft:swim_one_cm":111036,"minecraft:fly_one_cm":4438842,"minecraft:open_chest":405,"minecraft:aviate_one_cm":845327,"minecraft:fall_one_cm":523479},"minecraft:mined":{"minecraft:dark_oak_planks":166,"minecraft:white_bed":27,"minecraft:brewing_stand":4,"minecraft:obsidian":4,"minecraft:granite":22,"minecraft:grass_block":1123,"minecraft:composter":14,"minecraft:glowstone":4,"minecraft:dark_oak_trapdoor":1,"minecraft:iron_ore":54,"minecraft:fire":138,"minecraft:fletching_table":56,"minecraft:azure_bluet":1,"minecraft:dirt_path":4,"minecraft:oak_stairs":13,"minecraft:end_stone_bricks":2,"minecraft:tripwire":59,"minecraft:piston_head":1,"minecraft:crimson_nylium":7,"minecraft:torch":68,"minecraft:poppy":2,"minecraft:chest":4,"minecraft:nether_quartz_ore":6,"minecraft:glass":43,"minecraft:cobblestone":382,"minecraft:oak_planks":121,"minecraft:sugar_cane":49,"minecraft:wall_torch":8,"minecraft:repeater":14,"minecraft:powered_rail":22,"minecraft:dark_oak_slab":51,"minecraft:nether_wart_block":1,"minecraft:yellow_wool":9,"minecraft:purpur_block":1,"minecraft:grass":174,"minecraft:oak_log":63,"minecraft:sand":18,"minecraft:dirt":1160,"minecraft:tripwire_hook":1,"minecraft:red_mushroom_block":1,"minecraft:dispenser":15,"minecraft:netherrack":1110,"minecraft:piston":14,"minecraft:deepslate":42,"minecraft:oak_leaves":6,"minecraft:emerald_block":12,"minecraft:crying_obsidian":1,"minecraft:tuff":5,"minecraft:dark_oak_leaves":63,"minecraft:deepslate_diamond_ore":1,"minecraft:dark_oak_log":199,"minecraft:end_stone":56,"minecraft:nether_bricks":2,"minecraft:redstone_wire":16,"minecraft:red_mushroom":1,"minecraft:hay_block":8,"minecraft:oak_trapdoor":6,"minecraft:furnace":8,"minecraft:carrots":1,"minecraft:andesite":12,"minecraft:gold_block":1,"minecraft:bell":3,"minecraft:bookshelf":20,"minecraft:deepslate_iron_ore":30,"minecraft:rail":66,"minecraft:stripped_oak_log":1,"minecraft:stone":282,"minecraft:white_wool":10,"minecraft:ender_chest":14,"minecraft:redstone_wall_torch":3,"minecraft:glass_pane":5,"minecraft:soul_sand":6,"minecraft:stripped_dark_oak_log":1,"minecraft:dandelion":3,"minecraft:oak_fence":3,"minecraft:crafting_table":15,"minecraft:cornflower":1,"minecraft:lectern":50,"minecraft:copper_ore":3,"minecraft:tall_grass":18,"minecraft:diorite":18,"minecraft:redstone_torch":5,"minecraft:sweet_berry_bush":13,"minecraft:white_carpet":9,"minecraft:birch_leaves":2,"minecraft:bee_nest":1,"minecraft:yellow_bed":5,"minecraft:coal_ore":57,"minecraft:end_rod":2,"minecraft:gravel":266,"minecraft:dripstone_block":1,"minecraft:chipped_anvil":7,"minecraft:fern":1},"minecraft:dropped":{"minecraft:crimson_nylium":4,"minecraft:iron_sword":1,"minecraft:porkchop":5,"minecraft:piston":59,"minecraft:dark_oak_stairs":3,"minecraft:diamond_axe":3,"minecraft:golden_pickaxe":2,"minecraft:diamond":1,"minecraft:ender_pearl":16,"minecraft:dark_oak_sapling":3,"minecraft:dark_oak_slab":42,"minecraft:weeping_vines":1,"minecraft:leather":3,"minecraft:elytra":1,"minecraft:rail":14,"minecraft:red_mushroom":3,"minecraft:emerald":355,"minecraft:dirt":665,"minecraft:cornflower":1,"minecraft:crimson_roots":1,"minecraft:gold_nugget":6,"minecraft:pumpkin_pie":96,"minecraft:sand":16,"minecraft:iron_pickaxe":4,"minecraft:dark_oak_planks":349,"minecraft:dark_oak_boat":3,"minecraft:white_wool":5,"minecraft:bone":12,"minecraft:stone_axe":36,"minecraft:purpur_block":2,"minecraft:compass":7,"minecraft:sugar_cane":2,"minecraft:cobbled_deepslate":12,"minecraft:obsidian":2,"minecraft:pointed_dripstone":3,"minecraft:rotten_flesh":35,"minecraft:oak_planks":7,"minecraft:diamond_shovel":1,"minecraft:end_stone":13,"minecraft:azure_bluet":2,"minecraft:shulker_shell":2,"minecraft:poppy":12,"minecraft:gunpowder":1,"minecraft:coal_ore":6,"minecraft:chainmail_boots":12,"minecraft:chest":1,"minecraft:glass":44,"minecraft:arrow":1914,"minecraft:end_stone_bricks":2,"minecraft:powered_rail":6,"minecraft:quartz":3,"minecraft:oak_leaves":1,"minecraft:netherrack":444,"minecraft:lectern":13,"minecraft:water_bucket":2,"minecraft:egg":2,"minecraft:crimson_planks":8,"minecraft:stone_hoe":41,"minecraft:enchanted_book":16,"minecraft:golden_boots":1,"minecraft:iron_ingot":5,"minecraft:bread":392,"minecraft:wheat_seeds":56,"minecraft:bookshelf":1,"minecraft:dripstone_block":1,"minecraft:diamond_leggings":6,"minecraft:book":13,"minecraft:iron_helmet":1,"minecraft:feather":2,"minecraft:golden_axe":1,"minecraft:cobblestone":324,"minecraft:lead":1,"minecraft:granite":14,"minecraft:grass_block":1,"minecraft:chainmail_helmet":9,"minecraft:coal":66,"minecraft:stick":9,"minecraft:end_rod":2,"minecraft:dark_oak_leaves":14,"minecraft:diorite":11,"minecraft:brewing_stand":1,"minecraft:ink_sac":1,"minecraft:torch":6,"minecraft:nether_wart_block":6,"minecraft:diamond_helmet":4,"minecraft:oak_stairs":68,"minecraft:iron_axe":39,"minecraft:string":7049,"minecraft:tripwire_hook":2,"minecraft:bucket":13,"minecraft:dandelion":3,"minecraft:furnace":2,"minecraft:sweet_berries":14,"minecraft:oak_trapdoor":4,"minecraft:composter":2,"minecraft:raw_iron":3,"minecraft:chicken":2,"minecraft:white_carpet":54,"minecraft:light_gray_wool":1,"minecraft:iron_boots":19,"minecraft:stripped_oak_log":1,"minecraft:nether_bricks":2,"minecraft:shears":3,"minecraft:copper_ore":2,"minecraft:diamond_sword":4,"minecraft:stone":18,"minecraft:diamond_chestplate":2,"minecraft:diamond_pickaxe":4,"minecraft:andesite":4,"minecraft:golden_leggings":2,"minecraft:oak_sapling":7,"minecraft:end_portal_frame":64,"minecraft:redstone_torch":2,"minecraft:spider_eye":9,"minecraft:diamond_boots":6,"minecraft:bow":210,"minecraft:stone_pickaxe":3,"minecraft:wooden_pickaxe":2},"minecraft:killed_by":{"minecraft:creeper":2,"minecraft:iron_golem":2,"minecraft:skeleton":1},"minecraft:killed":{"minecraft:spider":18,"minecraft:shulker":34,"minecraft:skeleton":43,"minecraft:silverfish":3,"minecraft:pig":8,"minecraft:zombie_villager":1,"minecraft:iron_golem":12,"minecraft:creeper":16,"minecraft:sheep":8,"minecraft:zombie":58,"minecraft:blaze":6,"minecraft:cow":9,"minecraft:drowned":1,"minecraft:wandering_trader":1,"minecraft:wither_skeleton":2,"minecraft:villager":1,"minecraft:enderman":2},"minecraft:broken":{"minecraft:stone_axe":2,"minecraft:stone_shovel":1,"minecraft:flint_and_steel":1,"minecraft:iron_axe":1},"minecraft:picked_up":{"minecraft:ender_chest":14,"minecraft:yellow_wool":12,"minecraft:lead":1,"minecraft:diamond_sword":4,"minecraft:oak_stairs":10,"minecraft:enchanted_book":4,"minecraft:crimson_planks":8,"minecraft:brewing_stand":4,"minecraft:string":65811,"minecraft:diamond_leggings":5,"minecraft:cobbled_deepslate":15,"minecraft:bucket":2,"minecraft:dark_oak_leaves":14,"minecraft:redstone_torch":12,"minecraft:cobblestone_slab":5,"minecraft:ender_eye":6,"minecraft:iron_pickaxe":1,"minecraft:iron_boots":8,"minecraft:furnace":9,"minecraft:stick":87,"minecraft:composter":16,"minecraft:torch":99,"minecraft:porkchop":18,"minecraft:golden_axe":1,"minecraft:pointed_dripstone":3,"minecraft:diorite":11,"minecraft:rotten_flesh":39,"minecraft:glowstone":2,"minecraft:bookshelf":3,"minecraft:end_rod":4,"minecraft:blaze_rod":12,"minecraft:obsidian":34,"minecraft:cobblestone":1652,"minecraft:feather":2,"minecraft:cooked_beef":20,"minecraft:repeater":14,"minecraft:water_bucket":31,"minecraft:andesite":5,"minecraft:dark_oak_boat":15,"minecraft:golden_leggings":1,"minecraft:flint":27,"minecraft:dirt":2368,"minecraft:glass":36,"minecraft:bone":36,"minecraft:chipped_anvil":7,"minecraft:bow":87,"minecraft:wheat_seeds":60,"minecraft:bell":3,"minecraft:fletching_table":53,"minecraft:diamond_helmet":4,"minecraft:powered_rail":30,"minecraft:oak_planks":229,"minecraft:cooked_porkchop":22,"minecraft:sand":91,"minecraft:ink_sac":1,"minecraft:grass_block":1,"minecraft:shulker_box":1,"minecraft:dark_oak_log":328,"minecraft:dispenser":14,"minecraft:diamond":27,"minecraft:lever":2,"minecraft:granite":22,"minecraft:emerald":754,"minecraft:bread":117,"minecraft:oak_sapling":7,"minecraft:netherrack":1036,"minecraft:chorus_fruit":4,"minecraft:oak_leaves":1,"minecraft:diamond_pickaxe":7,"minecraft:end_stone_bricks":2,"minecraft:crafting_table":15,"minecraft:azure_bluet":2,"minecraft:chicken":2,"minecraft:golden_pickaxe":2,"minecraft:wooden_pickaxe":2,"minecraft:gold_block":1,"minecraft:diamond_horse_armor":1,"minecraft:purpur_block":2,"minecraft:shield":3,"minecraft:cornflower":1,"minecraft:oak_trapdoor":6,"minecraft:elytra":1,"minecraft:iron_axe":4,"minecraft:flint_and_steel":1,"minecraft:white_carpet":72,"minecraft:beef":18,"minecraft:poppy":12,"minecraft:light_gray_wool":1,"minecraft:minecart":13,"minecraft:lectern":52,"minecraft:sugar_cane":72,"minecraft:chest":3,"minecraft:piston":42,"minecraft:egg":4,"minecraft:copper_ore":2,"minecraft:dark_oak_sapling":21,"minecraft:raw_iron":88,"minecraft:end_stone":63,"minecraft:stone":153,"minecraft:redstone":51,"minecraft:dark_oak_planks":378,"minecraft:arrow":270,"minecraft:stone_shovel":1,"minecraft:diamond_chestplate":4,"minecraft:pumpkin_pie":58,"minecraft:nether_bricks":2,"minecraft:shears":3,"minecraft:diamond_boots":5,"minecraft:hay_block":8,"minecraft:glistering_melon_slice":5,"minecraft:gold_ingot":29,"minecraft:mutton":16,"minecraft:rail":77,"minecraft:white_wool":47,"minecraft:stripped_oak_log":1,"minecraft:tripwire_hook":5,"minecraft:leather":25,"minecraft:red_mushroom":3,"minecraft:oak_log":63,"minecraft:golden_boots":3,"minecraft:yellow_bed":4,"minecraft:nether_wart_block":1,"minecraft:gunpowder":36,"minecraft:apple":2,"minecraft:iron_ingot":178,"minecraft:stone_pickaxe":3,"minecraft:soul_sand":5,"minecraft:dark_oak_stairs":127,"minecraft:book":53,"minecraft:dark_oak_slab":38,"minecraft:emerald_block":1,"minecraft:sweet_berries":24,"minecraft:quartz":5,"minecraft:dandelion":3,"minecraft:dripstone_block":1,"minecraft:gravel":289,"minecraft:lava_bucket":1,"minecraft:white_bed":11,"minecraft:spider_eye":9,"minecraft:diamond_shovel":6,"minecraft:coal_ore":9,"minecraft:stone_axe":2,"minecraft:iron_helmet":1,"minecraft:diamond_axe":3,"minecraft:black_wool":2,"minecraft:stripped_dark_oak_log":1,"minecraft:coal":140,"minecraft:ender_pearl":4,"minecraft:shulker_shell":49}},"DataVersion":3465}