{"stats":{"minecraft:used":{"minecraft:chest":4,"minecraft:shield":33,"minecraft:bell":2,"minecraft:rotten_flesh":1,"minecraft:mutton":11,"minecraft:lantern":9,"minecraft:dark_oak_slab":16,"minecraft:dark_oak_boat":9,"minecraft:sweet_berries":10,"minecraft:furnace":8,"minecraft:egg":2,"minecraft:dark_oak_sapling":16,"minecraft:golden_boots":1,"minecraft:stone_pickaxe":32,"minecraft:oak_planks":101,"minecraft:wooden_pickaxe":11,"minecraft:composter":10,"minecraft:diamond_axe":49,"minecraft:sugar_cane":85,"minecraft:white_wool":1,"minecraft:dark_oak_trapdoor":2,"minecraft:sand":15,"minecraft:blast_furnace":1,"minecraft:shears":21,"minecraft:lever":2,"minecraft:bread":54,"minecraft:string":6,"minecraft:lectern":14,"minecraft:gravel":202,"minecraft:diamond_sword":29,"minecraft:grindstone":1,"minecraft:smithing_table":1,"minecraft:andesite":1,"minecraft:bone_meal":4,"minecraft:golden_pickaxe":15,"minecraft:oak_trapdoor":2,"minecraft:stone_shovel":133,"minecraft:stone_hoe":11,"minecraft:torch":154,"minecraft:dirt":300,"minecraft:anvil":1,"minecraft:dark_oak_planks":220,"minecraft:chipped_anvil":1,"minecraft:bookshelf":8,"minecraft:iron_axe":599,"minecraft:tripwire_hook":4,"minecraft:beef":5,"minecraft:cooked_beef":3,"minecraft:cobbled_deepslate":2,"minecraft:cooked_mutton":2,"minecraft:water_bucket":19,"minecraft:fletching_table":36,"minecraft:crafting_table":6,"minecraft:white_bed":35,"minecraft:diamond_pickaxe":234,"minecraft:apple":1,"minecraft:diamond_shovel":780,"minecraft:iron_pickaxe":49,"minecraft:stone_axe":203,"minecraft:cobblestone":205,"minecraft:cooked_porkchop":6,"minecraft:bucket":21,"minecraft:yellow_bed":7,"minecraft:pumpkin_pie":38},"minecraft:crafted":{"minecraft:oak_planks":208,"minecraft:smooth_stone":3,"minecraft:chainmail_helmet":9,"minecraft:dark_oak_boat":3,"minecraft:stone":3,"minecraft:lever":2,"minecraft:diamond_shovel":6,"minecraft:bookshelf":16,"minecraft:cooked_mutton":2,"minecraft:bow":117,"minecraft:diamond_helmet":3,"minecraft:diamond_leggings":4,"minecraft:iron_boots":11,"minecraft:chest":3,"minecraft:stone_hoe":35,"minecraft:name_tag":1,"minecraft:arrow":1568,"minecraft:emerald":1502,"minecraft:cooked_porkchop":6,"minecraft:diamond_axe":3,"minecraft:crafting_table":2,"minecraft:wooden_pickaxe":1,"minecraft:smithing_table":1,"minecraft:fletching_table":10,"minecraft:lectern":8,"minecraft:dark_oak_slab":84,"minecraft:book":15,"minecraft:paper":63,"minecraft:diamond_pickaxe":4,"minecraft:shield":1,"minecraft:stick":612,"minecraft:iron_pickaxe":4,"minecraft:iron_ingot":82,"minecraft:compass":7,"minecraft:iron_block":3,"minecraft:composter":3,"minecraft:shears":1,"minecraft:stone_shovel":1,"minecraft:tripwire_hook":4,"minecraft:furnace":2,"minecraft:blast_furnace":1,"minecraft:dark_oak_trapdoor":2,"minecraft:yellow_bed":3,"minecraft:bone_meal":33,"minecraft:lantern":9,"minecraft:iron_axe":38,"minecraft:stone_pickaxe":1,"minecraft:diamond_boots":4,"minecraft:dark_oak_planks":632,"minecraft:wheat":72,"minecraft:cooked_beef":2,"minecraft:diamond_sword":3,"minecraft:iron_sword":1,"minecraft:bucket":2,"minecraft:stone_axe":36,"minecraft:enchanted_book":12,"minecraft:bread":432,"minecraft:air":0,"minecraft:white_wool":80,"minecraft:chainmail_boots":12,"minecraft:anvil":1,"minecraft:white_bed":32,"minecraft:pumpkin_pie":96,"minecraft:torch":96,"minecraft:diamond_chestplate":1},"minecraft:custom":{"minecraft:interact_with_crafting_table":65,"minecraft:bell_ring":6,"minecraft:leave_game":8,"minecraft:time_since_death":182604,"minecraft:sprint_one_cm":1160286,"minecraft:damage_blocked_by_shield":2830,"minecraft:drop":954,"minecraft:talked_to_villager":551,"minecraft:play_time":305233,"minecraft:deaths":5,"minecraft:jump":6867,"minecraft:walk_on_water_one_cm":32471,"minecraft:interact_with_furnace":51,"minecraft:traded_with_villager":1723,"minecraft:sleep_in_bed":10,"minecraft:damage_dealt":24683,"minecraft:player_kills":5,"minecraft:crouch_one_cm":104638,"minecraft:interact_with_smithing_table":5,"minecraft:mob_kills":120,"minecraft:interact_with_anvil":2,"minecraft:walk_one_cm":688574,"minecraft:sneak_time":26094,"minecraft:walk_under_water_one_cm":7746,"minecraft:boat_one_cm":1491,"minecraft:interact_with_blast_furnace":8,"minecraft:total_world_time":305233,"minecraft:interact_with_grindstone":2,"minecraft:time_since_rest":50140,"minecraft:damage_taken":5801,"minecraft:swim_one_cm":45659,"minecraft:fly_one_cm":1274001,"minecraft:open_chest":87,"minecraft:fall_one_cm":162834},"minecraft:mined":{"minecraft:dark_oak_planks":130,"minecraft:white_bed":2,"minecraft:brewing_stand":2,"minecraft:granite":8,"minecraft:grass_block":328,"minecraft:composter":8,"minecraft:iron_ore":54,"minecraft:fletching_table":49,"minecraft:azure_bluet":1,"minecraft:dirt_path":1,"minecraft:oak_stairs":5,"minecraft:tripwire":2,"minecraft:torch":55,"minecraft:poppy":1,"minecraft:chest":2,"minecraft:cobblestone":98,"minecraft:sugar_cane":35,"minecraft:oak_planks":111,"minecraft:wall_torch":5,"minecraft:dark_oak_slab":11,"minecraft:yellow_wool":9,"minecraft:grass":67,"minecraft:oak_log":50,"minecraft:dirt":371,"minecraft:netherrack":2,"minecraft:deepslate":3,"minecraft:emerald_block":12,"minecraft:dark_oak_leaves":31,"minecraft:deepslate_diamond_ore":1,"minecraft:dark_oak_log":154,"minecraft:hay_block":8,"minecraft:oak_trapdoor":2,"minecraft:furnace":8,"minecraft:carrots":1,"minecraft:andesite":1,"minecraft:gold_block":1,"minecraft:bell":3,"minecraft:bookshelf":8,"minecraft:deepslate_iron_ore":30,"minecraft:stripped_oak_log":1,"minecraft:stone":29,"minecraft:white_wool":9,"minecraft:glass_pane":1,"minecraft:stripped_dark_oak_log":1,"minecraft:oak_fence":3,"minecraft:crafting_table":3,"minecraft:lectern":12,"minecraft:tall_grass":10,"minecraft:diorite":1,"minecraft:sweet_berry_bush":5,"minecraft:yellow_bed":4,"minecraft:coal_ore":48,"minecraft:gravel":263,"minecraft:dripstone_block":1,"minecraft:chipped_anvil":2,"minecraft:fern":1},"minecraft:dropped":{"minecraft:iron_sword":1,"minecraft:diamond_axe":2,"minecraft:golden_pickaxe":2,"minecraft:dark_oak_sapling":3,"minecraft:dark_oak_slab":18,"minecraft:emerald":181,"minecraft:dirt":351,"minecraft:pumpkin_pie":96,"minecraft:iron_pickaxe":4,"minecraft:dark_oak_planks":331,"minecraft:white_wool":4,"minecraft:bone":8,"minecraft:stone_axe":36,"minecraft:compass":7,"minecraft:sugar_cane":2,"minecraft:pointed_dripstone":3,"minecraft:rotten_flesh":23,"minecraft:oak_planks":7,"minecraft:azure_bluet":1,"minecraft:poppy":5,"minecraft:chainmail_boots":12,"minecraft:arrow":1816,"minecraft:lectern":6,"minecraft:egg":2,"minecraft:enchanted_book":8,"minecraft:stone_hoe":41,"minecraft:golden_boots":1,"minecraft:iron_ingot":5,"minecraft:bread":392,"minecraft:wheat_seeds":17,"minecraft:dripstone_block":1,"minecraft:diamond_leggings":4,"minecraft:golden_axe":1,"minecraft:feather":2,"minecraft:cobblestone":3,"minecraft:lead":1,"minecraft:book":9,"minecraft:chainmail_helmet":9,"minecraft:coal":54,"minecraft:diorite":1,"minecraft:ink_sac":1,"minecraft:torch":4,"minecraft:diamond_helmet":2,"minecraft:oak_stairs":4,"minecraft:iron_axe":38,"minecraft:string":3765,"minecraft:furnace":2,"minecraft:composter":2,"minecraft:raw_iron":3,"minecraft:chicken":2,"minecraft:light_gray_wool":1,"minecraft:iron_boots":19,"minecraft:stripped_oak_log":1,"minecraft:shears":1,"minecraft:diamond_sword":2,"minecraft:diamond_pickaxe":4,"minecraft:spider_eye":3,"minecraft:diamond_boots":4,"minecraft:bow":156,"minecraft:stone_pickaxe":3,"minecraft:wooden_pickaxe":2},"minecraft:killed_by":{"minecraft:creeper":2,"minecraft:iron_golem":2,"minecraft:skeleton":1},"minecraft:killed":{"minecraft:spider":11,"minecraft:skeleton":26,"minecraft:pig":8,"minecraft:iron_golem":5,"minecraft:creeper":7,"minecraft:sheep":8,"minecraft:zombie":39,"minecraft:cow":9,"minecraft:drowned":1,"minecraft:wandering_trader":1},"minecraft:broken":{"minecraft:stone_axe":2,"minecraft:stone_shovel":1,"minecraft:iron_axe":1},"minecraft:picked_up":{"minecraft:yellow_wool":12,"minecraft:lead":1,"minecraft:oak_stairs":4,"minecraft:enchanted_book":3,"minecraft:brewing_stand":2,"minecraft:string":46609,"minecraft:diamond_leggings":1,"minecraft:cobbled_deepslate":3,"minecraft:iron_pickaxe":1,"minecraft:iron_boots":8,"minecraft:furnace":9,"minecraft:stick":69,"minecraft:composter":10,"minecraft:torch":62,"minecraft:porkchop":18,"minecraft:golden_axe":1,"minecraft:pointed_dripstone":3,"minecraft:diorite":1,"minecraft:rotten_flesh":27,"minecraft:cobblestone":207,"minecraft:feather":2,"minecraft:cooked_beef":20,"minecraft:andesite":1,"minecraft:dark_oak_boat":7,"minecraft:flint":27,"minecraft:dirt":707,"minecraft:bone":30,"minecraft:chipped_anvil":2,"minecraft:bow":24,"minecraft:wheat_seeds":21,"minecraft:bell":3,"minecraft:fletching_table":48,"minecraft:oak_planks":166,"minecraft:cooked_porkchop":22,"minecraft:sand":15,"minecraft:ink_sac":1,"minecraft:dark_oak_log":219,"minecraft:diamond":1,"minecraft:granite":8,"minecraft:emerald":397,"minecraft:bread":95,"minecraft:diamond_pickaxe":3,"minecraft:crafting_table":4,"minecraft:azure_bluet":1,"minecraft:chicken":2,"minecraft:golden_pickaxe":2,"minecraft:wooden_pickaxe":2,"minecraft:gold_block":1,"minecraft:shield":3,"minecraft:oak_trapdoor":2,"minecraft:iron_axe":3,"minecraft:beef":18,"minecraft:poppy":5,"minecraft:light_gray_wool":1,"minecraft:lectern":14,"minecraft:sugar_cane":49,"minecraft:chest":2,"minecraft:egg":4,"minecraft:dark_oak_sapling":21,"minecraft:raw_iron":88,"minecraft:dark_oak_planks":331,"minecraft:arrow":243,"minecraft:stone_shovel":1,"minecraft:pumpkin_pie":24,"minecraft:shears":3,"minecraft:diamond_boots":1,"minecraft:hay_block":8,"minecraft:glistering_melon_slice":5,"minecraft:mutton":16,"minecraft:white_wool":46,"minecraft:stripped_oak_log":1,"minecraft:leather":22,"minecraft:oak_log":52,"minecraft:golden_boots":3,"minecraft:yellow_bed":4,"minecraft:gunpowder":7,"minecraft:apple":2,"minecraft:iron_ingot":35,"minecraft:stone_pickaxe":3,"minecraft:book":24,"minecraft:dark_oak_slab":8,"minecraft:emerald_block":1,"minecraft:sweet_berries":10,"minecraft:dripstone_block":1,"minecraft:gravel":289,"minecraft:white_bed":5,"minecraft:spider_eye":3,"minecraft:diamond_shovel":4,"minecraft:stone_axe":2,"minecraft:black_wool":2,"minecraft:stripped_dark_oak_log":1,"minecraft:coal":107}},"DataVersion":3465}