{"stats":{"minecraft:used":{"minecraft:oak_sign":6,"minecraft:chest":7,"minecraft:shield":33,"minecraft:stone":66,"minecraft:bell":2,"minecraft:rotten_flesh":1,"minecraft:soul_sand":3,"minecraft:mutton":11,"minecraft:glass":8,"minecraft:lava_bucket":3,"minecraft:lantern":9,"minecraft:dark_oak_slab":60,"minecraft:dark_oak_button":1,"minecraft:bow":149,"minecraft:dark_oak_boat":13,"minecraft:sweet_berries":10,"minecraft:furnace":8,"minecraft:egg":2,"minecraft:dark_oak_sapling":16,"minecraft:golden_boots":1,"minecraft:dark_oak_stairs":1,"minecraft:oak_planks":101,"minecraft:stone_pickaxe":32,"minecraft:powered_rail":25,"minecraft:dark_oak_sign":3,"minecraft:ender_pearl":17,"minecraft:wooden_pickaxe":11,"minecraft:composter":16,"minecraft:diamond_axe":223,"minecraft:sugar_cane":149,"minecraft:white_wool":1,"minecraft:dark_oak_trapdoor":2,"minecraft:sand":15,"minecraft:blast_furnace":1,"minecraft:end_stone":50,"minecraft:shears":21,"minecraft:redstone_torch":12,"minecraft:lever":2,"minecraft:bread":132,"minecraft:string":7,"minecraft:lectern":53,"minecraft:gravel":202,"minecraft:diamond_sword":378,"minecraft:grindstone":1,"minecraft:smithing_table":1,"minecraft:andesite":1,"minecraft:golden_pickaxe":15,"minecraft:bone_meal":4,"minecraft:oak_trapdoor":2,"minecraft:redstone":1,"minecraft:stone_shovel":133,"minecraft:ender_chest":2,"minecraft:stone_hoe":11,"minecraft:netherrack":536,"minecraft:torch":182,"minecraft:brewing_stand":4,"minecraft:dirt":1380,"minecraft:anvil":3,"minecraft:white_carpet":16,"minecraft:hopper":1,"minecraft:dark_oak_planks":247,"minecraft:chipped_anvil":7,"minecraft:bookshelf":20,"minecraft:iron_axe":601,"minecraft:tripwire_hook":4,"minecraft:beef":5,"minecraft:minecart":13,"minecraft:cooked_beef":3,"minecraft:cobbled_deepslate":2,"minecraft:cooked_mutton":2,"minecraft:water_bucket":112,"minecraft:fletching_table":38,"minecraft:rail":76,"minecraft:crafting_table":17,"minecraft:white_bed":38,"minecraft:piston":60,"minecraft:ender_eye":30,"minecraft:diamond_pickaxe":1979,"minecraft:apple":1,"minecraft:diamond_shovel":2211,"minecraft:iron_pickaxe":49,"minecraft:stone_axe":203,"minecraft:cobblestone":460,"minecraft:cooked_porkchop":6,"minecraft:bucket":116,"minecraft:pumpkin_pie":108,"minecraft:yellow_bed":7,"minecraft:end_portal_frame":12},"minecraft:crafted":{"minecraft:smooth_stone":3,"minecraft:oak_planks":252,"minecraft:chainmail_helmet":9,"minecraft:oak_sign":6,"minecraft:dark_oak_boat":3,"minecraft:blaze_powder":12,"minecraft:stone":3,"minecraft:lever":2,"minecraft:diamond_shovel":7,"minecraft:bookshelf":31,"minecraft:cooked_mutton":2,"minecraft:glass":60,"minecraft:hopper":1,"minecraft:diamond_helmet":4,"minecraft:bow":154,"minecraft:diamond_leggings":5,"minecraft:iron_boots":11,"minecraft:chest":7,"minecraft:rail":48,"minecraft:stone_hoe":35,"minecraft:ender_eye":12,"minecraft:name_tag":5,"minecraft:redstone_lamp":1,"minecraft:arrow":1776,"minecraft:emerald":2965,"minecraft:cooked_porkchop":6,"minecraft:diamond_axe":4,"minecraft:crafting_table":6,"minecraft:wooden_pickaxe":1,"minecraft:smithing_table":1,"minecraft:fletching_table":10,"minecraft:brewing_stand":1,"minecraft:lectern":14,"minecraft:dark_oak_slab":150,"minecraft:book":15,"minecraft:paper":63,"minecraft:diamond_pickaxe":5,"minecraft:shield":1,"minecraft:stick":612,"minecraft:iron_ingot":82,"minecraft:compass":7,"minecraft:iron_pickaxe":4,"minecraft:iron_block":9,"minecraft:gold_ingot":18,"minecraft:redstone_torch":7,"minecraft:composter":4,"minecraft:shears":1,"minecraft:redstone":166,"minecraft:stone_shovel":1,"minecraft:tripwire_hook":4,"minecraft:furnace":2,"minecraft:blast_furnace":1,"minecraft:piston":123,"minecraft:dark_oak_trapdoor":2,"minecraft:yellow_bed":3,"minecraft:dark_oak_sign":3,"minecraft:bone_meal":33,"minecraft:lantern":9,"minecraft:iron_axe":38,"minecraft:stone_pickaxe":1,"minecraft:diamond_boots":5,"minecraft:dark_oak_planks":1076,"minecraft:minecart":3,"minecraft:wheat":72,"minecraft:cooked_beef":2,"minecraft:crimson_planks":12,"minecraft:diamond_sword":4,"minecraft:dark_oak_stairs":4,"minecraft:powered_rail":6,"minecraft:iron_sword":1,"minecraft:bucket":3,"minecraft:dark_oak_button":1,"minecraft:stone_axe":36,"minecraft:enchanted_book":46,"minecraft:air":0,"minecraft:bread":480,"minecraft:white_wool":80,"minecraft:chainmail_boots":12,"minecraft:anvil":3,"minecraft:white_bed":32,"minecraft:pumpkin_pie":144,"minecraft:torch":96,"minecraft:diamond_chestplate":2},"minecraft:custom":{"minecraft:interact_with_crafting_table":114,"minecraft:open_shulker_box":3,"minecraft:bell_ring":6,"minecraft:leave_game":24,"minecraft:time_since_death":172081,"minecraft:sprint_one_cm":2487164,"minecraft:damage_blocked_by_shield":2830,"minecraft:drop":1197,"minecraft:talked_to_villager":934,"minecraft:play_time":703348,"minecraft:deaths":6,"minecraft:jump":16242,"minecraft:interact_with_brewingstand":2,"minecraft:walk_on_water_one_cm":103831,"minecraft:interact_with_furnace":62,"minecraft:traded_with_villager":3121,"minecraft:sleep_in_bed":17,"minecraft:open_enderchest":3,"minecraft:damage_dealt":49587,"minecraft:player_kills":5,"minecraft:crouch_one_cm":300774,"minecraft:interact_with_smithing_table":5,"minecraft:interact_with_anvil":33,"minecraft:mob_kills":223,"minecraft:climb_one_cm":1368,"minecraft:walk_one_cm":1342118,"minecraft:sneak_time":69984,"minecraft:walk_under_water_one_cm":22515,"minecraft:boat_one_cm":19681,"minecraft:interact_with_blast_furnace":9,"minecraft:total_world_time":703348,"minecraft:interact_with_grindstone":9,"minecraft:time_since_rest":25736,"minecraft:damage_taken":10663,"minecraft:swim_one_cm":88150,"minecraft:fly_one_cm":3763426,"minecraft:open_chest":359,"minecraft:fall_one_cm":418330},"minecraft:mined":{"minecraft:dark_oak_planks":152,"minecraft:white_bed":5,"minecraft:brewing_stand":4,"minecraft:obsidian":2,"minecraft:granite":22,"minecraft:grass_block":1063,"minecraft:composter":14,"minecraft:glowstone":4,"minecraft:dark_oak_trapdoor":1,"minecraft:iron_ore":54,"minecraft:fire":45,"minecraft:fletching_table":55,"minecraft:azure_bluet":1,"minecraft:dirt_path":4,"minecraft:oak_stairs":5,"minecraft:end_stone_bricks":2,"minecraft:tripwire":6,"minecraft:crimson_nylium":7,"minecraft:torch":68,"minecraft:poppy":1,"minecraft:chest":4,"minecraft:glass":2,"minecraft:nether_quartz_ore":6,"minecraft:cobblestone":279,"minecraft:oak_planks":111,"minecraft:sugar_cane":35,"minecraft:wall_torch":7,"minecraft:powered_rail":16,"minecraft:dark_oak_slab":47,"minecraft:nether_wart_block":1,"minecraft:yellow_wool":9,"minecraft:purpur_block":1,"minecraft:grass":167,"minecraft:oak_log":63,"minecraft:sand":18,"minecraft:dirt":1071,"minecraft:piston":7,"minecraft:red_mushroom_block":1,"minecraft:netherrack":1106,"minecraft:deepslate":42,"minecraft:oak_leaves":6,"minecraft:emerald_block":12,"minecraft:tuff":5,"minecraft:dark_oak_leaves":31,"minecraft:deepslate_diamond_ore":1,"minecraft:dark_oak_log":154,"minecraft:end_stone":56,"minecraft:nether_bricks":2,"minecraft:redstone_wire":1,"minecraft:red_mushroom":1,"minecraft:hay_block":8,"minecraft:oak_trapdoor":6,"minecraft:furnace":8,"minecraft:carrots":1,"minecraft:andesite":12,"minecraft:gold_block":1,"minecraft:bell":3,"minecraft:bookshelf":20,"minecraft:deepslate_iron_ore":30,"minecraft:rail":56,"minecraft:stripped_oak_log":1,"minecraft:stone":200,"minecraft:white_wool":10,"minecraft:ender_chest":3,"minecraft:redstone_wall_torch":2,"minecraft:glass_pane":1,"minecraft:soul_sand":6,"minecraft:stripped_dark_oak_log":1,"minecraft:dandelion":3,"minecraft:oak_fence":3,"minecraft:crafting_table":14,"minecraft:cornflower":1,"minecraft:lectern":50,"minecraft:copper_ore":3,"minecraft:tall_grass":18,"minecraft:diorite":18,"minecraft:redstone_torch":3,"minecraft:sweet_berry_bush":7,"minecraft:white_carpet":6,"minecraft:birch_leaves":2,"minecraft:yellow_bed":4,"minecraft:coal_ore":57,"minecraft:end_rod":2,"minecraft:gravel":266,"minecraft:dripstone_block":1,"minecraft:chipped_anvil":7,"minecraft:fern":1},"minecraft:dropped":{"minecraft:crimson_nylium":4,"minecraft:iron_sword":1,"minecraft:piston":59,"minecraft:porkchop":5,"minecraft:dark_oak_stairs":3,"minecraft:diamond_axe":2,"minecraft:golden_pickaxe":2,"minecraft:ender_pearl":16,"minecraft:dark_oak_sapling":3,"minecraft:dark_oak_slab":35,"minecraft:weeping_vines":1,"minecraft:elytra":1,"minecraft:rail":4,"minecraft:red_mushroom":3,"minecraft:emerald":355,"minecraft:dirt":615,"minecraft:cornflower":1,"minecraft:crimson_roots":1,"minecraft:gold_nugget":6,"minecraft:pumpkin_pie":96,"minecraft:sand":16,"minecraft:iron_pickaxe":4,"minecraft:dark_oak_planks":342,"minecraft:dark_oak_boat":1,"minecraft:white_wool":5,"minecraft:bone":12,"minecraft:stone_axe":36,"minecraft:purpur_block":2,"minecraft:compass":7,"minecraft:sugar_cane":2,"minecraft:cobbled_deepslate":12,"minecraft:obsidian":2,"minecraft:pointed_dripstone":3,"minecraft:rotten_flesh":33,"minecraft:oak_planks":7,"minecraft:diamond_shovel":1,"minecraft:end_stone":13,"minecraft:azure_bluet":2,"minecraft:shulker_shell":2,"minecraft:poppy":7,"minecraft:coal_ore":6,"minecraft:chest":1,"minecraft:chainmail_boots":12,"minecraft:arrow":1913,"minecraft:end_stone_bricks":2,"minecraft:powered_rail":6,"minecraft:crimson_planks":8,"minecraft:quartz":1,"minecraft:oak_leaves":1,"minecraft:netherrack":438,"minecraft:lectern":13,"minecraft:egg":2,"minecraft:enchanted_book":16,"minecraft:stone_hoe":41,"minecraft:golden_boots":1,"minecraft:iron_ingot":5,"minecraft:bread":392,"minecraft:wheat_seeds":55,"minecraft:bookshelf":1,"minecraft:dripstone_block":1,"minecraft:diamond_leggings":6,"minecraft:iron_helmet":1,"minecraft:book":13,"minecraft:feather":2,"minecraft:golden_axe":1,"minecraft:cobblestone":201,"minecraft:lead":1,"minecraft:granite":14,"minecraft:chainmail_helmet":9,"minecraft:coal":66,"minecraft:end_rod":2,"minecraft:diorite":11,"minecraft:brewing_stand":1,"minecraft:ink_sac":1,"minecraft:torch":6,"minecraft:nether_wart_block":6,"minecraft:diamond_helmet":4,"minecraft:oak_stairs":4,"minecraft:iron_axe":39,"minecraft:string":6067,"minecraft:bucket":1,"minecraft:dandelion":3,"minecraft:furnace":2,"minecraft:oak_trapdoor":4,"minecraft:composter":2,"minecraft:raw_iron":3,"minecraft:chicken":2,"minecraft:white_carpet":54,"minecraft:light_gray_wool":1,"minecraft:iron_boots":19,"minecraft:stripped_oak_log":1,"minecraft:nether_bricks":2,"minecraft:shears":1,"minecraft:copper_ore":2,"minecraft:diamond_sword":4,"minecraft:stone":11,"minecraft:diamond_chestplate":2,"minecraft:diamond_pickaxe":4,"minecraft:andesite":4,"minecraft:golden_leggings":2,"minecraft:oak_sapling":7,"minecraft:end_portal_frame":64,"minecraft:redstone_torch":2,"minecraft:spider_eye":6,"minecraft:diamond_boots":6,"minecraft:stone_pickaxe":3,"minecraft:bow":200,"minecraft:wooden_pickaxe":2},"minecraft:killed_by":{"minecraft:creeper":2,"minecraft:iron_golem":2,"minecraft:skeleton":1},"minecraft:killed":{"minecraft:spider":17,"minecraft:shulker":34,"minecraft:skeleton":43,"minecraft:silverfish":3,"minecraft:pig":8,"minecraft:zombie_villager":1,"minecraft:iron_golem":8,"minecraft:creeper":16,"minecraft:sheep":8,"minecraft:zombie":55,"minecraft:blaze":6,"minecraft:cow":9,"minecraft:drowned":1,"minecraft:wandering_trader":1,"minecraft:wither_skeleton":2,"minecraft:enderman":2},"minecraft:broken":{"minecraft:stone_axe":2,"minecraft:stone_shovel":1,"minecraft:iron_axe":1},"minecraft:picked_up":{"minecraft:shulker_shell":49,"minecraft:ender_chest":4,"minecraft:yellow_wool":12,"minecraft:lead":1,"minecraft:diamond_sword":4,"minecraft:oak_stairs":4,"minecraft:enchanted_book":4,"minecraft:crimson_planks":8,"minecraft:brewing_stand":4,"minecraft:string":63431,"minecraft:diamond_leggings":5,"minecraft:cobbled_deepslate":15,"minecraft:bucket":1,"minecraft:redstone_torch":9,"minecraft:cobblestone_slab":5,"minecraft:ender_eye":6,"minecraft:iron_pickaxe":1,"minecraft:iron_boots":8,"minecraft:furnace":9,"minecraft:stick":85,"minecraft:composter":16,"minecraft:torch":92,"minecraft:porkchop":18,"minecraft:golden_axe":1,"minecraft:pointed_dripstone":3,"minecraft:diorite":11,"minecraft:rotten_flesh":37,"minecraft:glowstone":2,"minecraft:bookshelf":3,"minecraft:end_rod":4,"minecraft:blaze_rod":12,"minecraft:obsidian":16,"minecraft:cobblestone":1394,"minecraft:feather":2,"minecraft:cooked_beef":20,"minecraft:andesite":5,"minecraft:dark_oak_boat":13,"minecraft:golden_leggings":1,"minecraft:flint":27,"minecraft:dirt":2170,"minecraft:glass":2,"minecraft:bone":36,"minecraft:chipped_anvil":7,"minecraft:bow":38,"minecraft:wheat_seeds":59,"minecraft:bell":3,"minecraft:fletching_table":52,"minecraft:diamond_helmet":4,"minecraft:powered_rail":25,"minecraft:oak_planks":166,"minecraft:cooked_porkchop":22,"minecraft:sand":91,"minecraft:ink_sac":1,"minecraft:dark_oak_log":283,"minecraft:diamond":8,"minecraft:lever":2,"minecraft:granite":22,"minecraft:emerald":754,"minecraft:bread":117,"minecraft:oak_sapling":7,"minecraft:netherrack":1035,"minecraft:chorus_fruit":4,"minecraft:oak_leaves":1,"minecraft:diamond_pickaxe":6,"minecraft:end_stone_bricks":2,"minecraft:crafting_table":12,"minecraft:azure_bluet":2,"minecraft:chicken":2,"minecraft:golden_pickaxe":2,"minecraft:wooden_pickaxe":2,"minecraft:gold_block":1,"minecraft:diamond_horse_armor":1,"minecraft:purpur_block":2,"minecraft:shield":3,"minecraft:cornflower":1,"minecraft:oak_trapdoor":6,"minecraft:elytra":1,"minecraft:iron_axe":4,"minecraft:flint_and_steel":1,"minecraft:white_carpet":70,"minecraft:beef":18,"minecraft:poppy":7,"minecraft:light_gray_wool":1,"minecraft:minecart":11,"minecraft:lectern":52,"minecraft:sugar_cane":49,"minecraft:chest":3,"minecraft:piston":9,"minecraft:egg":4,"minecraft:copper_ore":2,"minecraft:dark_oak_sapling":21,"minecraft:raw_iron":88,"minecraft:end_stone":63,"minecraft:stone":74,"minecraft:redstone":9,"minecraft:dark_oak_planks":366,"minecraft:stone_shovel":1,"minecraft:arrow":270,"minecraft:diamond_chestplate":4,"minecraft:pumpkin_pie":58,"minecraft:nether_bricks":2,"minecraft:shears":3,"minecraft:diamond_boots":5,"minecraft:hay_block":8,"minecraft:glistering_melon_slice":5,"minecraft:gold_ingot":29,"minecraft:mutton":16,"minecraft:rail":53,"minecraft:white_wool":47,"minecraft:stripped_oak_log":1,"minecraft:tripwire_hook":4,"minecraft:leather":22,"minecraft:red_mushroom":3,"minecraft:oak_log":63,"minecraft:golden_boots":3,"minecraft:yellow_bed":4,"minecraft:nether_wart_block":1,"minecraft:gunpowder":36,"minecraft:apple":2,"minecraft:iron_ingot":146,"minecraft:stone_pickaxe":3,"minecraft:soul_sand":5,"minecraft:book":53,"minecraft:dark_oak_slab":35,"minecraft:emerald_block":1,"minecraft:sweet_berries":10,"minecraft:quartz":5,"minecraft:dandelion":3,"minecraft:dripstone_block":1,"minecraft:gravel":289,"minecraft:lava_bucket":1,"minecraft:white_bed":8,"minecraft:spider_eye":6,"minecraft:diamond_shovel":6,"minecraft:coal_ore":9,"minecraft:stone_axe":2,"minecraft:iron_helmet":1,"minecraft:diamond_axe":2,"minecraft:black_wool":2,"minecraft:stripped_dark_oak_log":1,"minecraft:coal":127,"minecraft:ender_pearl":3}},"DataVersion":3465}