{"stats":{"minecraft:killed_by":{"minecraft:creeper":2,"minecraft:iron_golem":2,"minecraft:skeleton":1},"minecraft:killed":{"minecraft:spider":12,"minecraft:skeleton":29,"minecraft:pig":8,"minecraft:zombie_villager":1,"minecraft:iron_golem":6,"minecraft:creeper":8,"minecraft:sheep":8,"minecraft:zombie":47,"minecraft:cow":9,"minecraft:drowned":1,"minecraft:wandering_trader":1},"minecraft:used":{"minecraft:oak_sign":6,"minecraft:chest":7,"minecraft:shield":33,"minecraft:bell":2,"minecraft:rotten_flesh":1,"minecraft:soul_sand":3,"minecraft:mutton":11,"minecraft:lava_bucket":3,"minecraft:lantern":9,"minecraft:dark_oak_slab":46,"minecraft:dark_oak_button":1,"minecraft:dark_oak_boat":13,"minecraft:sweet_berries":10,"minecraft:furnace":8,"minecraft:egg":2,"minecraft:dark_oak_sapling":16,"minecraft:golden_boots":1,"minecraft:dark_oak_stairs":1,"minecraft:stone_pickaxe":32,"minecraft:powered_rail":25,"minecraft:dark_oak_sign":3,"minecraft:oak_planks":101,"minecraft:wooden_pickaxe":11,"minecraft:composter":16,"minecraft:diamond_axe":188,"minecraft:sugar_cane":85,"minecraft:white_wool":1,"minecraft:dark_oak_trapdoor":2,"minecraft:sand":15,"minecraft:blast_furnace":1,"minecraft:shears":21,"minecraft:redstone_torch":12,"minecraft:lever":2,"minecraft:bread":60,"minecraft:string":7,"minecraft:lectern":53,"minecraft:gravel":202,"minecraft:diamond_sword":68,"minecraft:grindstone":1,"minecraft:smithing_table":1,"minecraft:andesite":1,"minecraft:golden_pickaxe":15,"minecraft:bone_meal":4,"minecraft:oak_trapdoor":2,"minecraft:stone_shovel":133,"minecraft:stone_hoe":11,"minecraft:torch":173,"minecraft:brewing_stand":3,"minecraft:dirt":1072,"minecraft:anvil":1,"minecraft:white_carpet":13,"minecraft:hopper":1,"minecraft:dark_oak_planks":247,"minecraft:chipped_anvil":5,"minecraft:bookshelf":8,"minecraft:iron_axe":599,"minecraft:tripwire_hook":4,"minecraft:beef":5,"minecraft:minecart":9,"minecraft:cooked_beef":3,"minecraft:cobbled_deepslate":2,"minecraft:cooked_mutton":2,"minecraft:water_bucket":107,"minecraft:fletching_table":38,"minecraft:rail":64,"minecraft:crafting_table":14,"minecraft:white_bed":38,"minecraft:diamond_pickaxe":459,"minecraft:apple":1,"minecraft:diamond_shovel":1828,"minecraft:iron_pickaxe":49,"minecraft:stone_axe":203,"minecraft:cobblestone":280,"minecraft:cooked_porkchop":6,"minecraft:bucket":110,"minecraft:pumpkin_pie":87,"minecraft:yellow_bed":7},"minecraft:broken":{"minecraft:stone_axe":2,"minecraft:stone_shovel":1,"minecraft:iron_axe":1},"minecraft:crafted":{"minecraft:oak_planks":252,"minecraft:smooth_stone":3,"minecraft:chainmail_helmet":9,"minecraft:oak_sign":6,"minecraft:dark_oak_boat":3,"minecraft:stone":3,"minecraft:lever":2,"minecraft:diamond_shovel":6,"minecraft:bookshelf":22,"minecraft:cooked_mutton":2,"minecraft:hopper":1,"minecraft:diamond_helmet":3,"minecraft:bow":129,"minecraft:diamond_leggings":4,"minecraft:iron_boots":11,"minecraft:chest":7,"minecraft:rail":32,"minecraft:stone_hoe":35,"minecraft:name_tag":5,"minecraft:arrow":1600,"minecraft:emerald":2012,"minecraft:cooked_porkchop":6,"minecraft:diamond_axe":3,"minecraft:crafting_table":4,"minecraft:wooden_pickaxe":1,"minecraft:smithing_table":1,"minecraft:fletching_table":10,"minecraft:lectern":14,"minecraft:dark_oak_slab":138,"minecraft:book":15,"minecraft:paper":63,"minecraft:diamond_pickaxe":4,"minecraft:shield":1,"minecraft:stick":612,"minecraft:iron_ingot":82,"minecraft:compass":7,"minecraft:iron_pickaxe":4,"minecraft:iron_block":3,"minecraft:gold_ingot":18,"minecraft:redstone_torch":6,"minecraft:composter":4,"minecraft:shears":1,"minecraft:redstone":24,"minecraft:stone_shovel":1,"minecraft:tripwire_hook":4,"minecraft:furnace":2,"minecraft:blast_furnace":1,"minecraft:dark_oak_trapdoor":2,"minecraft:yellow_bed":3,"minecraft:dark_oak_sign":3,"minecraft:bone_meal":33,"minecraft:lantern":9,"minecraft:iron_axe":38,"minecraft:stone_pickaxe":1,"minecraft:diamond_boots":4,"minecraft:dark_oak_planks":676,"minecraft:minecart":3,"minecraft:wheat":72,"minecraft:cooked_beef":2,"minecraft:diamond_sword":3,"minecraft:dark_oak_stairs":4,"minecraft:powered_rail":6,"minecraft:iron_sword":1,"minecraft:bucket":3,"minecraft:dark_oak_button":1,"minecraft:stone_axe":36,"minecraft:enchanted_book":15,"minecraft:air":0,"minecraft:bread":432,"minecraft:white_wool":80,"minecraft:chainmail_boots":12,"minecraft:anvil":1,"minecraft:white_bed":32,"minecraft:pumpkin_pie":144,"minecraft:torch":96,"minecraft:diamond_chestplate":1},"minecraft:dropped":{"minecraft:iron_sword":1,"minecraft:dark_oak_stairs":3,"minecraft:diamond_axe":2,"minecraft:golden_pickaxe":2,"minecraft:dark_oak_sapling":3,"minecraft:dark_oak_slab":20,"minecraft:emerald":342,"minecraft:dirt":518,"minecraft:cornflower":1,"minecraft:pumpkin_pie":96,"minecraft:gold_nugget":6,"minecraft:iron_pickaxe":4,"minecraft:dark_oak_planks":331,"minecraft:dark_oak_boat":1,"minecraft:white_wool":4,"minecraft:bone":8,"minecraft:stone_axe":36,"minecraft:compass":7,"minecraft:sugar_cane":2,"minecraft:pointed_dripstone":3,"minecraft:rotten_flesh":28,"minecraft:oak_planks":7,"minecraft:azure_bluet":1,"minecraft:poppy":5,"minecraft:chainmail_boots":12,"minecraft:arrow":1816,"minecraft:oak_leaves":1,"minecraft:lectern":13,"minecraft:egg":2,"minecraft:enchanted_book":16,"minecraft:stone_hoe":41,"minecraft:golden_boots":1,"minecraft:iron_ingot":5,"minecraft:bread":392,"minecraft:wheat_seeds":40,"minecraft:dripstone_block":1,"minecraft:diamond_leggings":4,"minecraft:feather":2,"minecraft:golden_axe":1,"minecraft:cobblestone":4,"minecraft:lead":1,"minecraft:book":13,"minecraft:chainmail_helmet":9,"minecraft:coal":54,"minecraft:diorite":1,"minecraft:ink_sac":1,"minecraft:torch":4,"minecraft:nether_wart_block":1,"minecraft:diamond_helmet":2,"minecraft:oak_stairs":4,"minecraft:iron_axe":38,"minecraft:string":5298,"minecraft:bucket":1,"minecraft:dandelion":1,"minecraft:furnace":2,"minecraft:composter":2,"minecraft:raw_iron":3,"minecraft:chicken":2,"minecraft:white_carpet":54,"minecraft:light_gray_wool":1,"minecraft:iron_boots":19,"minecraft:stripped_oak_log":1,"minecraft:shears":1,"minecraft:diamond_sword":2,"minecraft:diamond_pickaxe":4,"minecraft:oak_sapling":7,"minecraft:redstone_torch":1,"minecraft:spider_eye":4,"minecraft:diamond_boots":4,"minecraft:stone_pickaxe":3,"minecraft:bow":170,"minecraft:wooden_pickaxe":2},"minecraft:mined":{"minecraft:dark_oak_planks":152,"minecraft:white_bed":5,"minecraft:brewing_stand":4,"minecraft:obsidian":1,"minecraft:granite":8,"minecraft:grass_block":788,"minecraft:composter":14,"minecraft:iron_ore":54,"minecraft:fire":4,"minecraft:fletching_table":55,"minecraft:azure_bluet":1,"minecraft:dirt_path":4,"minecraft:oak_stairs":5,"minecraft:tripwire":3,"minecraft:torch":66,"minecraft:poppy":1,"minecraft:chest":2,"minecraft:cobblestone":126,"minecraft:sugar_cane":35,"minecraft:oak_planks":111,"minecraft:wall_torch":6,"minecraft:powered_rail":16,"minecraft:dark_oak_slab":35,"minecraft:nether_wart_block":1,"minecraft:yellow_wool":9,"minecraft:grass":129,"minecraft:oak_log":63,"minecraft:dirt":978,"minecraft:netherrack":35,"minecraft:oak_leaves":3,"minecraft:deepslate":3,"minecraft:emerald_block":12,"minecraft:dark_oak_leaves":31,"minecraft:deepslate_diamond_ore":1,"minecraft:dark_oak_log":154,"minecraft:hay_block":8,"minecraft:oak_trapdoor":2,"minecraft:furnace":8,"minecraft:carrots":1,"minecraft:andesite":1,"minecraft:gold_block":1,"minecraft:bell":3,"minecraft:bookshelf":8,"minecraft:deepslate_iron_ore":30,"minecraft:rail":53,"minecraft:stripped_oak_log":1,"minecraft:stone":102,"minecraft:white_wool":9,"minecraft:redstone_wall_torch":2,"minecraft:glass_pane":1,"minecraft:soul_sand":6,"minecraft:stripped_dark_oak_log":1,"minecraft:dandelion":1,"minecraft:oak_fence":3,"minecraft:crafting_table":10,"minecraft:cornflower":1,"minecraft:lectern":50,"minecraft:tall_grass":13,"minecraft:diorite":1,"minecraft:redstone_torch":3,"minecraft:sweet_berry_bush":5,"minecraft:white_carpet":3,"minecraft:yellow_bed":4,"minecraft:coal_ore":54,"minecraft:gravel":263,"minecraft:dripstone_block":1,"minecraft:chipped_anvil":6,"minecraft:fern":1},"minecraft:picked_up":{"minecraft:yellow_wool":12,"minecraft:lead":1,"minecraft:oak_stairs":4,"minecraft:enchanted_book":4,"minecraft:brewing_stand":4,"minecraft:string":52330,"minecraft:diamond_leggings":1,"minecraft:cobbled_deepslate":3,"minecraft:redstone_torch":8,"minecraft:iron_pickaxe":1,"minecraft:furnace":9,"minecraft:iron_boots":8,"minecraft:stick":85,"minecraft:composter":16,"minecraft:torch":81,"minecraft:porkchop":18,"minecraft:golden_axe":1,"minecraft:pointed_dripstone":3,"minecraft:diorite":1,"minecraft:rotten_flesh":34,"minecraft:obsidian":1,"minecraft:cobblestone":330,"minecraft:feather":2,"minecraft:cooked_beef":20,"minecraft:andesite":1,"minecraft:dark_oak_boat":13,"minecraft:flint":27,"minecraft:dirt":1654,"minecraft:bone":30,"minecraft:chipped_anvil":6,"minecraft:bow":26,"minecraft:wheat_seeds":44,"minecraft:bell":3,"minecraft:fletching_table":52,"minecraft:powered_rail":19,"minecraft:oak_planks":166,"minecraft:cooked_porkchop":22,"minecraft:sand":15,"minecraft:ink_sac":1,"minecraft:dark_oak_log":219,"minecraft:diamond":1,"minecraft:granite":8,"minecraft:emerald":525,"minecraft:bread":95,"minecraft:netherrack":24,"minecraft:oak_sapling":7,"minecraft:oak_leaves":1,"minecraft:diamond_pickaxe":3,"minecraft:crafting_table":11,"minecraft:azure_bluet":1,"minecraft:chicken":2,"minecraft:golden_pickaxe":2,"minecraft:wooden_pickaxe":2,"minecraft:gold_block":1,"minecraft:shield":3,"minecraft:cornflower":1,"minecraft:oak_trapdoor":2,"minecraft:iron_axe":3,"minecraft:white_carpet":67,"minecraft:beef":18,"minecraft:poppy":5,"minecraft:light_gray_wool":1,"minecraft:minecart":8,"minecraft:lectern":52,"minecraft:sugar_cane":49,"minecraft:chest":2,"minecraft:egg":4,"minecraft:dark_oak_sapling":21,"minecraft:raw_iron":88,"minecraft:dark_oak_planks":350,"minecraft:arrow":243,"minecraft:stone_shovel":1,"minecraft:pumpkin_pie":34,"minecraft:shears":3,"minecraft:diamond_boots":1,"minecraft:hay_block":8,"minecraft:glistering_melon_slice":5,"minecraft:mutton":16,"minecraft:rail":48,"minecraft:white_wool":46,"minecraft:stripped_oak_log":1,"minecraft:leather":22,"minecraft:oak_log":63,"minecraft:yellow_bed":4,"minecraft:golden_boots":3,"minecraft:nether_wart_block":1,"minecraft:gunpowder":7,"minecraft:apple":2,"minecraft:iron_ingot":48,"minecraft:stone_pickaxe":3,"minecraft:soul_sand":5,"minecraft:book":24,"minecraft:dark_oak_slab":24,"minecraft:emerald_block":1,"minecraft:sweet_berries":10,"minecraft:dandelion":1,"minecraft:dripstone_block":1,"minecraft:gravel":289,"minecraft:lava_bucket":1,"minecraft:white_bed":8,"minecraft:spider_eye":4,"minecraft:diamond_shovel":4,"minecraft:stone_axe":2,"minecraft:black_wool":2,"minecraft:stripped_dark_oak_log":1,"minecraft:coal":115},"minecraft:custom":{"minecraft:interact_with_crafting_table":85,"minecraft:bell_ring":6,"minecraft:leave_game":15,"minecraft:time_since_death":368830,"minecraft:sprint_one_cm":1705267,"minecraft:damage_blocked_by_shield":2830,"minecraft:drop":1044,"minecraft:talked_to_villager":716,"minecraft:play_time":491459,"minecraft:deaths":5,"minecraft:jump":11087,"minecraft:interact_with_brewingstand":2,"minecraft:walk_on_water_one_cm":87654,"minecraft:interact_with_furnace":51,"minecraft:traded_with_villager":2005,"minecraft:sleep_in_bed":12,"minecraft:damage_dealt":28414,"minecraft:player_kills":5,"minecraft:crouch_one_cm":238893,"minecraft:interact_with_smithing_table":5,"minecraft:mob_kills":136,"minecraft:interact_with_anvil":6,"minecraft:walk_one_cm":1003978,"minecraft:sneak_time":55801,"minecraft:walk_under_water_one_cm":9999,"minecraft:boat_one_cm":19681,"minecraft:interact_with_blast_furnace":8,"minecraft:total_world_time":491459,"minecraft:interact_with_grindstone":2,"minecraft:time_since_rest":32672,"minecraft:damage_taken":7403,"minecraft:swim_one_cm":46382,"minecraft:fly_one_cm":2245604,"minecraft:open_chest":166,"minecraft:fall_one_cm":264082}},"DataVersion":3465}