{"stats":{"minecraft:used":{"minecraft:oak_sign":6,"minecraft:chest":5,"minecraft:shield":33,"minecraft:bell":2,"minecraft:rotten_flesh":1,"minecraft:mutton":11,"minecraft:lava_bucket":1,"minecraft:lantern":9,"minecraft:dark_oak_slab":35,"minecraft:dark_oak_boat":13,"minecraft:sweet_berries":10,"minecraft:furnace":8,"minecraft:egg":2,"minecraft:dark_oak_sapling":16,"minecraft:golden_boots":1,"minecraft:dark_oak_stairs":1,"minecraft:dark_oak_sign":3,"minecraft:powered_rail":11,"minecraft:stone_pickaxe":32,"minecraft:oak_planks":101,"minecraft:wooden_pickaxe":11,"minecraft:composter":11,"minecraft:diamond_axe":112,"minecraft:sugar_cane":85,"minecraft:white_wool":1,"minecraft:dark_oak_trapdoor":2,"minecraft:sand":15,"minecraft:blast_furnace":1,"minecraft:shears":21,"minecraft:redstone_torch":6,"minecraft:lever":2,"minecraft:bread":60,"minecraft:string":6,"minecraft:lectern":14,"minecraft:gravel":202,"minecraft:diamond_sword":42,"minecraft:grindstone":1,"minecraft:smithing_table":1,"minecraft:andesite":1,"minecraft:golden_pickaxe":15,"minecraft:bone_meal":4,"minecraft:oak_trapdoor":2,"minecraft:stone_shovel":133,"minecraft:stone_hoe":11,"minecraft:torch":169,"minecraft:brewing_stand":3,"minecraft:dirt":836,"minecraft:anvil":1,"minecraft:white_carpet":13,"minecraft:hopper":1,"minecraft:dark_oak_planks":220,"minecraft:chipped_anvil":3,"minecraft:bookshelf":8,"minecraft:iron_axe":599,"minecraft:tripwire_hook":4,"minecraft:beef":5,"minecraft:minecart":6,"minecraft:cooked_beef":3,"minecraft:cobbled_deepslate":2,"minecraft:cooked_mutton":2,"minecraft:water_bucket":86,"minecraft:fletching_table":36,"minecraft:rail":29,"minecraft:crafting_table":10,"minecraft:white_bed":38,"minecraft:diamond_pickaxe":353,"minecraft:apple":1,"minecraft:diamond_shovel":1555,"minecraft:iron_pickaxe":49,"minecraft:stone_axe":203,"minecraft:cobblestone":212,"minecraft:cooked_porkchop":6,"minecraft:bucket":88,"minecraft:yellow_bed":7,"minecraft:pumpkin_pie":54},"minecraft:crafted":{"minecraft:oak_planks":240,"minecraft:smooth_stone":3,"minecraft:chainmail_helmet":9,"minecraft:oak_sign":6,"minecraft:dark_oak_boat":3,"minecraft:stone":3,"minecraft:lever":2,"minecraft:diamond_shovel":6,"minecraft:bookshelf":16,"minecraft:cooked_mutton":2,"minecraft:hopper":1,"minecraft:bow":117,"minecraft:diamond_helmet":3,"minecraft:diamond_leggings":4,"minecraft:iron_boots":11,"minecraft:chest":5,"minecraft:rail":32,"minecraft:stone_hoe":35,"minecraft:name_tag":3,"minecraft:arrow":1568,"minecraft:emerald":1502,"minecraft:cooked_porkchop":6,"minecraft:diamond_axe":3,"minecraft:crafting_table":3,"minecraft:wooden_pickaxe":1,"minecraft:smithing_table":1,"minecraft:fletching_table":10,"minecraft:lectern":8,"minecraft:dark_oak_slab":108,"minecraft:book":15,"minecraft:paper":63,"minecraft:diamond_pickaxe":4,"minecraft:shield":1,"minecraft:stick":612,"minecraft:compass":7,"minecraft:iron_ingot":82,"minecraft:iron_pickaxe":4,"minecraft:iron_block":3,"minecraft:gold_ingot":18,"minecraft:redstone_torch":4,"minecraft:composter":4,"minecraft:shears":1,"minecraft:redstone":24,"minecraft:stone_shovel":1,"minecraft:tripwire_hook":4,"minecraft:furnace":2,"minecraft:blast_furnace":1,"minecraft:dark_oak_trapdoor":2,"minecraft:yellow_bed":3,"minecraft:dark_oak_sign":3,"minecraft:bone_meal":33,"minecraft:lantern":9,"minecraft:iron_axe":38,"minecraft:stone_pickaxe":1,"minecraft:diamond_boots":4,"minecraft:dark_oak_planks":640,"minecraft:minecart":1,"minecraft:wheat":72,"minecraft:cooked_beef":2,"minecraft:diamond_sword":3,"minecraft:dark_oak_stairs":4,"minecraft:powered_rail":6,"minecraft:iron_sword":1,"minecraft:bucket":2,"minecraft:stone_axe":36,"minecraft:enchanted_book":12,"minecraft:bread":432,"minecraft:air":0,"minecraft:white_wool":80,"minecraft:chainmail_boots":12,"minecraft:anvil":1,"minecraft:white_bed":32,"minecraft:pumpkin_pie":96,"minecraft:torch":96,"minecraft:diamond_chestplate":1},"minecraft:custom":{"minecraft:interact_with_crafting_table":76,"minecraft:bell_ring":6,"minecraft:leave_game":11,"minecraft:time_since_death":265161,"minecraft:sprint_one_cm":1375634,"minecraft:damage_blocked_by_shield":2830,"minecraft:drop":973,"minecraft:talked_to_villager":559,"minecraft:play_time":387790,"minecraft:deaths":5,"minecraft:jump":8545,"minecraft:interact_with_brewingstand":2,"minecraft:walk_on_water_one_cm":60238,"minecraft:interact_with_furnace":51,"minecraft:traded_with_villager":1737,"minecraft:sleep_in_bed":10,"minecraft:damage_dealt":27188,"minecraft:player_kills":5,"minecraft:crouch_one_cm":182482,"minecraft:interact_with_smithing_table":5,"minecraft:mob_kills":128,"minecraft:interact_with_anvil":4,"minecraft:walk_one_cm":870196,"minecraft:sneak_time":43603,"minecraft:walk_under_water_one_cm":9150,"minecraft:boat_one_cm":19681,"minecraft:interact_with_blast_furnace":8,"minecraft:total_world_time":387790,"minecraft:interact_with_grindstone":2,"minecraft:time_since_rest":132697,"minecraft:damage_taken":6450,"minecraft:swim_one_cm":46382,"minecraft:fly_one_cm":1638940,"minecraft:open_chest":99,"minecraft:fall_one_cm":204832},"minecraft:mined":{"minecraft:dark_oak_planks":134,"minecraft:white_bed":5,"minecraft:brewing_stand":4,"minecraft:granite":8,"minecraft:grass_block":722,"minecraft:composter":8,"minecraft:iron_ore":54,"minecraft:fletching_table":51,"minecraft:azure_bluet":1,"minecraft:dirt_path":3,"minecraft:oak_stairs":5,"minecraft:tripwire":3,"minecraft:torch":65,"minecraft:poppy":1,"minecraft:chest":2,"minecraft:cobblestone":113,"minecraft:sugar_cane":35,"minecraft:oak_planks":111,"minecraft:wall_torch":6,"minecraft:powered_rail":3,"minecraft:dark_oak_slab":29,"minecraft:yellow_wool":9,"minecraft:grass":124,"minecraft:oak_log":63,"minecraft:dirt":746,"minecraft:netherrack":2,"minecraft:oak_leaves":3,"minecraft:deepslate":3,"minecraft:emerald_block":12,"minecraft:dark_oak_leaves":31,"minecraft:deepslate_diamond_ore":1,"minecraft:dark_oak_log":154,"minecraft:hay_block":8,"minecraft:oak_trapdoor":2,"minecraft:furnace":8,"minecraft:carrots":1,"minecraft:andesite":1,"minecraft:gold_block":1,"minecraft:bell":3,"minecraft:bookshelf":8,"minecraft:deepslate_iron_ore":30,"minecraft:rail":15,"minecraft:stripped_oak_log":1,"minecraft:stone":102,"minecraft:white_wool":9,"minecraft:redstone_wall_torch":1,"minecraft:glass_pane":1,"minecraft:stripped_dark_oak_log":1,"minecraft:dandelion":1,"minecraft:oak_fence":3,"minecraft:crafting_table":7,"minecraft:cornflower":1,"minecraft:lectern":12,"minecraft:tall_grass":13,"minecraft:diorite":1,"minecraft:redstone_torch":3,"minecraft:sweet_berry_bush":5,"minecraft:white_carpet":3,"minecraft:yellow_bed":4,"minecraft:coal_ore":54,"minecraft:gravel":263,"minecraft:dripstone_block":1,"minecraft:chipped_anvil":4,"minecraft:fern":1},"minecraft:dropped":{"minecraft:iron_sword":1,"minecraft:dark_oak_stairs":3,"minecraft:diamond_axe":2,"minecraft:golden_pickaxe":2,"minecraft:dark_oak_sapling":3,"minecraft:dark_oak_slab":20,"minecraft:emerald":181,"minecraft:dirt":511,"minecraft:cornflower":1,"minecraft:pumpkin_pie":96,"minecraft:gold_nugget":6,"minecraft:iron_pickaxe":4,"minecraft:dark_oak_planks":331,"minecraft:dark_oak_boat":1,"minecraft:white_wool":4,"minecraft:bone":8,"minecraft:stone_axe":36,"minecraft:compass":7,"minecraft:sugar_cane":2,"minecraft:pointed_dripstone":3,"minecraft:rotten_flesh":24,"minecraft:oak_planks":7,"minecraft:azure_bluet":1,"minecraft:poppy":5,"minecraft:chainmail_boots":12,"minecraft:arrow":1816,"minecraft:oak_leaves":1,"minecraft:lectern":6,"minecraft:egg":2,"minecraft:enchanted_book":8,"minecraft:stone_hoe":41,"minecraft:golden_boots":1,"minecraft:iron_ingot":5,"minecraft:bread":392,"minecraft:wheat_seeds":34,"minecraft:dripstone_block":1,"minecraft:diamond_leggings":4,"minecraft:golden_axe":1,"minecraft:feather":2,"minecraft:cobblestone":3,"minecraft:lead":1,"minecraft:book":9,"minecraft:chainmail_helmet":9,"minecraft:coal":54,"minecraft:diorite":1,"minecraft:ink_sac":1,"minecraft:torch":4,"minecraft:diamond_helmet":2,"minecraft:oak_stairs":4,"minecraft:iron_axe":38,"minecraft:string":3765,"minecraft:bucket":1,"minecraft:dandelion":1,"minecraft:furnace":2,"minecraft:composter":2,"minecraft:raw_iron":3,"minecraft:chicken":2,"minecraft:white_carpet":54,"minecraft:light_gray_wool":1,"minecraft:iron_boots":19,"minecraft:stripped_oak_log":1,"minecraft:shears":1,"minecraft:diamond_sword":2,"minecraft:diamond_pickaxe":4,"minecraft:oak_sapling":7,"minecraft:spider_eye":4,"minecraft:diamond_boots":4,"minecraft:stone_pickaxe":3,"minecraft:bow":156,"minecraft:wooden_pickaxe":2},"minecraft:killed_by":{"minecraft:creeper":2,"minecraft:iron_golem":2,"minecraft:skeleton":1},"minecraft:killed":{"minecraft:spider":11,"minecraft:skeleton":26,"minecraft:pig":8,"minecraft:zombie_villager":1,"minecraft:iron_golem":6,"minecraft:creeper":7,"minecraft:sheep":8,"minecraft:zombie":45,"minecraft:cow":9,"minecraft:drowned":1,"minecraft:wandering_trader":1},"minecraft:broken":{"minecraft:stone_axe":2,"minecraft:stone_shovel":1,"minecraft:iron_axe":1},"minecraft:picked_up":{"minecraft:yellow_wool":12,"minecraft:lead":1,"minecraft:oak_stairs":4,"minecraft:enchanted_book":3,"minecraft:brewing_stand":4,"minecraft:string":46611,"minecraft:diamond_leggings":1,"minecraft:cobbled_deepslate":3,"minecraft:redstone_torch":5,"minecraft:iron_pickaxe":1,"minecraft:furnace":9,"minecraft:iron_boots":8,"minecraft:stick":75,"minecraft:composter":10,"minecraft:torch":80,"minecraft:porkchop":18,"minecraft:golden_axe":1,"minecraft:pointed_dripstone":3,"minecraft:diorite":1,"minecraft:rotten_flesh":28,"minecraft:cobblestone":320,"minecraft:feather":2,"minecraft:cooked_beef":20,"minecraft:andesite":1,"minecraft:dark_oak_boat":13,"minecraft:flint":27,"minecraft:dirt":1461,"minecraft:bone":30,"minecraft:chipped_anvil":4,"minecraft:bow":24,"minecraft:wheat_seeds":38,"minecraft:bell":3,"minecraft:fletching_table":48,"minecraft:powered_rail":5,"minecraft:oak_planks":166,"minecraft:cooked_porkchop":22,"minecraft:sand":15,"minecraft:ink_sac":1,"minecraft:dark_oak_log":219,"minecraft:diamond":1,"minecraft:granite":8,"minecraft:emerald":397,"minecraft:bread":95,"minecraft:oak_sapling":7,"minecraft:oak_leaves":1,"minecraft:diamond_pickaxe":3,"minecraft:crafting_table":8,"minecraft:azure_bluet":1,"minecraft:chicken":2,"minecraft:golden_pickaxe":2,"minecraft:wooden_pickaxe":2,"minecraft:gold_block":1,"minecraft:shield":3,"minecraft:cornflower":1,"minecraft:oak_trapdoor":2,"minecraft:iron_axe":3,"minecraft:white_carpet":67,"minecraft:beef":18,"minecraft:poppy":5,"minecraft:light_gray_wool":1,"minecraft:minecart":5,"minecraft:lectern":14,"minecraft:sugar_cane":49,"minecraft:chest":2,"minecraft:egg":4,"minecraft:dark_oak_sapling":21,"minecraft:raw_iron":88,"minecraft:dark_oak_planks":334,"minecraft:arrow":243,"minecraft:stone_shovel":1,"minecraft:pumpkin_pie":34,"minecraft:shears":3,"minecraft:diamond_boots":1,"minecraft:hay_block":8,"minecraft:glistering_melon_slice":5,"minecraft:mutton":16,"minecraft:rail":11,"minecraft:white_wool":46,"minecraft:stripped_oak_log":1,"minecraft:leather":22,"minecraft:oak_log":63,"minecraft:golden_boots":3,"minecraft:yellow_bed":4,"minecraft:gunpowder":7,"minecraft:apple":2,"minecraft:iron_ingot":48,"minecraft:stone_pickaxe":3,"minecraft:book":24,"minecraft:dark_oak_slab":22,"minecraft:emerald_block":1,"minecraft:sweet_berries":10,"minecraft:dandelion":1,"minecraft:dripstone_block":1,"minecraft:gravel":289,"minecraft:lava_bucket":1,"minecraft:white_bed":8,"minecraft:spider_eye":4,"minecraft:diamond_shovel":4,"minecraft:stone_axe":2,"minecraft:black_wool":2,"minecraft:stripped_dark_oak_log":1,"minecraft:coal":115}},"DataVersion":3465}