{"stats":{"minecraft:killed_by":{"minecraft:creeper":2,"minecraft:iron_golem":2,"minecraft:skeleton":1},"minecraft:killed":{"minecraft:spider":16,"minecraft:skeleton":34,"minecraft:pig":8,"minecraft:zombie_villager":1,"minecraft:iron_golem":8,"minecraft:creeper":9,"minecraft:sheep":8,"minecraft:zombie":47,"minecraft:cow":9,"minecraft:drowned":1,"minecraft:wandering_trader":1},"minecraft:used":{"minecraft:oak_sign":6,"minecraft:chest":7,"minecraft:shield":33,"minecraft:bell":2,"minecraft:rotten_flesh":1,"minecraft:soul_sand":3,"minecraft:mutton":11,"minecraft:lava_bucket":3,"minecraft:lantern":9,"minecraft:dark_oak_slab":50,"minecraft:dark_oak_button":1,"minecraft:dark_oak_boat":13,"minecraft:sweet_berries":10,"minecraft:furnace":8,"minecraft:egg":2,"minecraft:dark_oak_sapling":16,"minecraft:golden_boots":1,"minecraft:dark_oak_stairs":1,"minecraft:stone_pickaxe":32,"minecraft:powered_rail":25,"minecraft:dark_oak_sign":3,"minecraft:oak_planks":101,"minecraft:wooden_pickaxe":11,"minecraft:composter":16,"minecraft:diamond_axe":199,"minecraft:sugar_cane":85,"minecraft:white_wool":1,"minecraft:dark_oak_trapdoor":2,"minecraft:sand":15,"minecraft:blast_furnace":1,"minecraft:shears":21,"minecraft:redstone_torch":12,"minecraft:lever":2,"minecraft:bread":60,"minecraft:string":7,"minecraft:lectern":53,"minecraft:gravel":202,"minecraft:diamond_sword":110,"minecraft:grindstone":1,"minecraft:smithing_table":1,"minecraft:andesite":1,"minecraft:golden_pickaxe":15,"minecraft:bone_meal":4,"minecraft:oak_trapdoor":2,"minecraft:stone_shovel":133,"minecraft:stone_hoe":11,"minecraft:torch":173,"minecraft:brewing_stand":3,"minecraft:dirt":1123,"minecraft:anvil":2,"minecraft:white_carpet":13,"minecraft:hopper":1,"minecraft:dark_oak_planks":247,"minecraft:chipped_anvil":7,"minecraft:bookshelf":15,"minecraft:iron_axe":599,"minecraft:tripwire_hook":4,"minecraft:beef":5,"minecraft:minecart":13,"minecraft:cooked_beef":3,"minecraft:cobbled_deepslate":2,"minecraft:cooked_mutton":2,"minecraft:water_bucket":107,"minecraft:fletching_table":38,"minecraft:rail":76,"minecraft:crafting_table":15,"minecraft:white_bed":38,"minecraft:diamond_pickaxe":468,"minecraft:apple":1,"minecraft:diamond_shovel":1844,"minecraft:iron_pickaxe":49,"minecraft:stone_axe":203,"minecraft:cobblestone":281,"minecraft:cooked_porkchop":6,"minecraft:bucket":111,"minecraft:pumpkin_pie":100,"minecraft:yellow_bed":7},"minecraft:broken":{"minecraft:stone_axe":2,"minecraft:stone_shovel":1,"minecraft:iron_axe":1},"minecraft:crafted":{"minecraft:oak_planks":252,"minecraft:smooth_stone":3,"minecraft:chainmail_helmet":9,"minecraft:oak_sign":6,"minecraft:dark_oak_boat":3,"minecraft:stone":3,"minecraft:lever":2,"minecraft:diamond_shovel":6,"minecraft:bookshelf":26,"minecraft:cooked_mutton":2,"minecraft:hopper":1,"minecraft:diamond_helmet":3,"minecraft:bow":153,"minecraft:diamond_leggings":4,"minecraft:iron_boots":11,"minecraft:chest":7,"minecraft:rail":32,"minecraft:stone_hoe":35,"minecraft:name_tag":5,"minecraft:arrow":1760,"minecraft:emerald":2556,"minecraft:cooked_porkchop":6,"minecraft:diamond_axe":3,"minecraft:crafting_table":4,"minecraft:wooden_pickaxe":1,"minecraft:smithing_table":1,"minecraft:fletching_table":10,"minecraft:lectern":14,"minecraft:dark_oak_slab":150,"minecraft:book":15,"minecraft:paper":63,"minecraft:diamond_pickaxe":4,"minecraft:shield":1,"minecraft:stick":612,"minecraft:iron_ingot":82,"minecraft:compass":7,"minecraft:iron_pickaxe":4,"minecraft:iron_block":6,"minecraft:gold_ingot":18,"minecraft:redstone_torch":6,"minecraft:composter":4,"minecraft:shears":1,"minecraft:redstone":24,"minecraft:stone_shovel":1,"minecraft:tripwire_hook":4,"minecraft:furnace":2,"minecraft:blast_furnace":1,"minecraft:dark_oak_trapdoor":2,"minecraft:yellow_bed":3,"minecraft:dark_oak_sign":3,"minecraft:bone_meal":33,"minecraft:lantern":9,"minecraft:iron_axe":38,"minecraft:stone_pickaxe":1,"minecraft:diamond_boots":4,"minecraft:dark_oak_planks":684,"minecraft:minecart":3,"minecraft:wheat":72,"minecraft:cooked_beef":2,"minecraft:diamond_sword":3,"minecraft:dark_oak_stairs":4,"minecraft:powered_rail":6,"minecraft:iron_sword":1,"minecraft:bucket":3,"minecraft:dark_oak_button":1,"minecraft:stone_axe":36,"minecraft:enchanted_book":37,"minecraft:air":0,"minecraft:bread":432,"minecraft:white_wool":80,"minecraft:chainmail_boots":12,"minecraft:anvil":2,"minecraft:white_bed":32,"minecraft:pumpkin_pie":144,"minecraft:torch":96,"minecraft:diamond_chestplate":1},"minecraft:dropped":{"minecraft:iron_sword":1,"minecraft:dark_oak_stairs":3,"minecraft:diamond_axe":2,"minecraft:golden_pickaxe":2,"minecraft:dark_oak_sapling":3,"minecraft:dark_oak_slab":30,"minecraft:rail":4,"minecraft:emerald":342,"minecraft:dirt":521,"minecraft:cornflower":1,"minecraft:pumpkin_pie":96,"minecraft:gold_nugget":6,"minecraft:iron_pickaxe":4,"minecraft:dark_oak_planks":341,"minecraft:dark_oak_boat":1,"minecraft:white_wool":4,"minecraft:bone":9,"minecraft:stone_axe":36,"minecraft:compass":7,"minecraft:sugar_cane":2,"minecraft:obsidian":2,"minecraft:pointed_dripstone":3,"minecraft:rotten_flesh":32,"minecraft:oak_planks":7,"minecraft:diamond_shovel":1,"minecraft:azure_bluet":1,"minecraft:poppy":7,"minecraft:chainmail_boots":12,"minecraft:arrow":1912,"minecraft:powered_rail":6,"minecraft:oak_leaves":1,"minecraft:lectern":13,"minecraft:egg":2,"minecraft:enchanted_book":16,"minecraft:stone_hoe":41,"minecraft:golden_boots":1,"minecraft:iron_ingot":5,"minecraft:bread":392,"minecraft:wheat_seeds":42,"minecraft:dripstone_block":1,"minecraft:diamond_leggings":6,"minecraft:feather":2,"minecraft:golden_axe":1,"minecraft:cobblestone":9,"minecraft:lead":1,"minecraft:book":13,"minecraft:chainmail_helmet":9,"minecraft:coal":54,"minecraft:diorite":1,"minecraft:brewing_stand":1,"minecraft:ink_sac":1,"minecraft:torch":6,"minecraft:nether_wart_block":1,"minecraft:diamond_helmet":4,"minecraft:oak_stairs":4,"minecraft:iron_axe":38,"minecraft:string":6067,"minecraft:bucket":1,"minecraft:dandelion":1,"minecraft:furnace":2,"minecraft:composter":2,"minecraft:raw_iron":3,"minecraft:chicken":2,"minecraft:white_carpet":54,"minecraft:light_gray_wool":1,"minecraft:iron_boots":19,"minecraft:stripped_oak_log":1,"minecraft:shears":1,"minecraft:diamond_sword":3,"minecraft:diamond_chestplate":2,"minecraft:diamond_pickaxe":4,"minecraft:oak_sapling":7,"minecraft:redstone_torch":2,"minecraft:spider_eye":6,"minecraft:diamond_boots":6,"minecraft:stone_pickaxe":3,"minecraft:bow":200,"minecraft:wooden_pickaxe":2},"minecraft:mined":{"minecraft:dark_oak_planks":152,"minecraft:white_bed":5,"minecraft:brewing_stand":4,"minecraft:obsidian":2,"minecraft:granite":8,"minecraft:grass_block":793,"minecraft:composter":14,"minecraft:iron_ore":54,"minecraft:fire":4,"minecraft:fletching_table":55,"minecraft:azure_bluet":1,"minecraft:dirt_path":4,"minecraft:oak_stairs":5,"minecraft:tripwire":3,"minecraft:torch":66,"minecraft:poppy":1,"minecraft:chest":2,"minecraft:cobblestone":127,"minecraft:sugar_cane":35,"minecraft:oak_planks":111,"minecraft:wall_torch":6,"minecraft:powered_rail":16,"minecraft:dark_oak_slab":38,"minecraft:nether_wart_block":1,"minecraft:yellow_wool":9,"minecraft:grass":136,"minecraft:oak_log":63,"minecraft:dirt":996,"minecraft:netherrack":35,"minecraft:oak_leaves":3,"minecraft:deepslate":3,"minecraft:emerald_block":12,"minecraft:dark_oak_leaves":31,"minecraft:deepslate_diamond_ore":1,"minecraft:dark_oak_log":154,"minecraft:hay_block":8,"minecraft:oak_trapdoor":2,"minecraft:furnace":8,"minecraft:carrots":1,"minecraft:andesite":1,"minecraft:gold_block":1,"minecraft:bell":3,"minecraft:bookshelf":15,"minecraft:deepslate_iron_ore":30,"minecraft:rail":56,"minecraft:stripped_oak_log":1,"minecraft:stone":102,"minecraft:white_wool":9,"minecraft:redstone_wall_torch":2,"minecraft:glass_pane":1,"minecraft:soul_sand":6,"minecraft:stripped_dark_oak_log":1,"minecraft:dandelion":1,"minecraft:oak_fence":3,"minecraft:crafting_table":11,"minecraft:cornflower":1,"minecraft:lectern":50,"minecraft:tall_grass":13,"minecraft:diorite":1,"minecraft:redstone_torch":3,"minecraft:sweet_berry_bush":5,"minecraft:white_carpet":3,"minecraft:yellow_bed":4,"minecraft:coal_ore":54,"minecraft:gravel":263,"minecraft:dripstone_block":1,"minecraft:chipped_anvil":7,"minecraft:fern":1},"minecraft:picked_up":{"minecraft:yellow_wool":12,"minecraft:lead":1,"minecraft:diamond_sword":2,"minecraft:oak_stairs":4,"minecraft:enchanted_book":4,"minecraft:brewing_stand":4,"minecraft:string":58824,"minecraft:diamond_leggings":4,"minecraft:cobbled_deepslate":3,"minecraft:redstone_torch":9,"minecraft:cobblestone_slab":5,"minecraft:iron_pickaxe":1,"minecraft:furnace":9,"minecraft:iron_boots":8,"minecraft:stick":85,"minecraft:composter":16,"minecraft:torch":83,"minecraft:porkchop":18,"minecraft:golden_axe":1,"minecraft:pointed_dripstone":3,"minecraft:diorite":1,"minecraft:rotten_flesh":36,"minecraft:bookshelf":3,"minecraft:obsidian":2,"minecraft:cobblestone":331,"minecraft:feather":2,"minecraft:cooked_beef":20,"minecraft:andesite":1,"minecraft:dark_oak_boat":13,"minecraft:flint":27,"minecraft:dirt":1681,"minecraft:bone":33,"minecraft:chipped_anvil":7,"minecraft:bow":37,"minecraft:wheat_seeds":46,"minecraft:bell":3,"minecraft:diamond_helmet":3,"minecraft:fletching_table":52,"minecraft:powered_rail":25,"minecraft:oak_planks":166,"minecraft:cooked_porkchop":22,"minecraft:sand":15,"minecraft:ink_sac":1,"minecraft:dark_oak_log":219,"minecraft:diamond":1,"minecraft:granite":8,"minecraft:emerald":580,"minecraft:bread":102,"minecraft:oak_sapling":7,"minecraft:netherrack":24,"minecraft:oak_leaves":1,"minecraft:diamond_pickaxe":4,"minecraft:crafting_table":12,"minecraft:azure_bluet":1,"minecraft:chicken":2,"minecraft:golden_pickaxe":2,"minecraft:wooden_pickaxe":2,"minecraft:gold_block":1,"minecraft:shield":3,"minecraft:cornflower":1,"minecraft:oak_trapdoor":2,"minecraft:iron_axe":3,"minecraft:white_carpet":67,"minecraft:beef":18,"minecraft:poppy":7,"minecraft:light_gray_wool":1,"minecraft:minecart":11,"minecraft:lectern":52,"minecraft:sugar_cane":49,"minecraft:chest":2,"minecraft:egg":4,"minecraft:dark_oak_sapling":21,"minecraft:raw_iron":88,"minecraft:dark_oak_planks":355,"minecraft:stone_shovel":1,"minecraft:arrow":244,"minecraft:diamond_chestplate":3,"minecraft:pumpkin_pie":34,"minecraft:shears":3,"minecraft:diamond_boots":4,"minecraft:hay_block":8,"minecraft:glistering_melon_slice":5,"minecraft:mutton":16,"minecraft:rail":53,"minecraft:white_wool":46,"minecraft:stripped_oak_log":1,"minecraft:leather":22,"minecraft:oak_log":63,"minecraft:yellow_bed":4,"minecraft:golden_boots":3,"minecraft:nether_wart_block":1,"minecraft:gunpowder":9,"minecraft:apple":2,"minecraft:iron_ingot":64,"minecraft:stone_pickaxe":3,"minecraft:soul_sand":5,"minecraft:book":36,"minecraft:dark_oak_slab":26,"minecraft:emerald_block":1,"minecraft:sweet_berries":10,"minecraft:dandelion":1,"minecraft:dripstone_block":1,"minecraft:gravel":289,"minecraft:lava_bucket":1,"minecraft:white_bed":8,"minecraft:spider_eye":6,"minecraft:diamond_shovel":6,"minecraft:stone_axe":2,"minecraft:diamond_axe":1,"minecraft:black_wool":2,"minecraft:stripped_dark_oak_log":1,"minecraft:coal":115},"minecraft:custom":{"minecraft:interact_with_crafting_table":87,"minecraft:bell_ring":6,"minecraft:leave_game":16,"minecraft:time_since_death":407819,"minecraft:sprint_one_cm":1842138,"minecraft:damage_blocked_by_shield":2830,"minecraft:drop":1124,"minecraft:talked_to_villager":829,"minecraft:play_time":530448,"minecraft:deaths":5,"minecraft:jump":11926,"minecraft:interact_with_brewingstand":2,"minecraft:walk_on_water_one_cm":94307,"minecraft:interact_with_furnace":51,"minecraft:traded_with_villager":2609,"minecraft:sleep_in_bed":13,"minecraft:damage_dealt":31875,"minecraft:player_kills":5,"minecraft:crouch_one_cm":251811,"minecraft:interact_with_smithing_table":5,"minecraft:mob_kills":148,"minecraft:interact_with_anvil":13,"minecraft:walk_one_cm":1076670,"minecraft:sneak_time":58263,"minecraft:walk_under_water_one_cm":9999,"minecraft:boat_one_cm":19681,"minecraft:interact_with_blast_furnace":9,"minecraft:total_world_time":530448,"minecraft:interact_with_grindstone":5,"minecraft:time_since_rest":5153,"minecraft:damage_taken":7869,"minecraft:swim_one_cm":46382,"minecraft:fly_one_cm":2437106,"minecraft:open_chest":225,"minecraft:fall_one_cm":284395}},"DataVersion":3465}