{"stats":{"minecraft:used":{"minecraft:oak_trapdoor":6,"minecraft:stone_shovel":26,"minecraft:poppy":6,"minecraft:chest":6,"minecraft:rotten_flesh":3,"minecraft:torch":116,"minecraft:dirt":435,"minecraft:mutton":2,"minecraft:granite":8,"minecraft:dark_oak_planks":771,"minecraft:iron_axe":1096,"minecraft:oak_stairs":5,"minecraft:iron_helmet":1,"minecraft:dark_oak_slab":67,"minecraft:iron_boots":1,"minecraft:tripwire_hook":6,"minecraft:golden_carrot":45,"minecraft:beef":5,"minecraft:bow":58,"minecraft:emerald_block":12,"minecraft:furnace":3,"minecraft:egg":10,"minecraft:cooked_beef":4,"minecraft:dark_oak_sapling":59,"minecraft:cooked_mutton":3,"minecraft:dark_oak_stairs":1,"minecraft:water_bucket":115,"minecraft:cobblestone_stairs":6,"minecraft:stone_pickaxe":59,"minecraft:oak_planks":285,"minecraft:wooden_pickaxe":15,"minecraft:sugar_cane":54,"minecraft:diamond_axe":162,"minecraft:dark_oak_trapdoor":2,"minecraft:mossy_cobblestone":2,"minecraft:sand":6,"minecraft:crafting_table":10,"minecraft:white_bed":3,"minecraft:shears":5,"minecraft:lever":4,"minecraft:diamond_pickaxe":333,"minecraft:apple":4,"minecraft:diamond_shovel":581,"minecraft:dark_oak_log":85,"minecraft:chicken":2,"minecraft:bread":51,"minecraft:iron_pickaxe":125,"minecraft:string":7,"minecraft:lectern":49,"minecraft:stone_axe":352,"minecraft:diamond_sword":79,"minecraft:cobblestone":181,"minecraft:porkchop":4,"minecraft:grindstone":1,"minecraft:cooked_porkchop":5,"minecraft:dandelion":1,"minecraft:bucket":115,"minecraft:oak_fence":79,"minecraft:pumpkin_pie":21,"minecraft:yellow_bed":3,"minecraft:bone_meal":21},"minecraft:crafted":{"minecraft:golden_carrot":45,"minecraft:oak_planks":364,"minecraft:stone_shovel":1,"minecraft:tripwire_hook":4,"minecraft:furnace":1,"minecraft:lever":2,"minecraft:bone_meal":9,"minecraft:diamond_shovel":1,"minecraft:bookshelf":3,"minecraft:cooked_mutton":2,"minecraft:suspicious_stew":4,"minecraft:oak_trapdoor":4,"minecraft:bow":24,"minecraft:iron_axe":1,"minecraft:stone_pickaxe":1,"minecraft:chest":3,"minecraft:dark_oak_planks":1152,"minecraft:oak_fence":69,"minecraft:wheat":144,"minecraft:cooked_beef":4,"minecraft:emerald":643,"minecraft:cooked_porkchop":4,"minecraft:crafting_table":5,"minecraft:wooden_pickaxe":1,"minecraft:bucket":1,"minecraft:stone_axe":1,"minecraft:enchanted_book":4,"minecraft:bread":156,"minecraft:air":0,"minecraft:lectern":2,"minecraft:dark_oak_slab":138,"minecraft:emerald_block":64,"minecraft:stick":104,"minecraft:iron_ingot":3,"minecraft:iron_pickaxe":1,"minecraft:pumpkin_pie":68,"minecraft:torch":120,"minecraft:diamond_chestplate":1},"minecraft:custom":{"minecraft:mob_kills":68,"minecraft:interact_with_crafting_table":70,"minecraft:leave_game":10,"minecraft:time_since_death":21518,"minecraft:sprint_one_cm":1190130,"minecraft:walk_one_cm":755208,"minecraft:drop":998,"minecraft:talked_to_villager":270,"minecraft:play_time":380284,"minecraft:deaths":24,"minecraft:sneak_time":29868,"minecraft:walk_under_water_one_cm":27015,"minecraft:boat_one_cm":20458,"minecraft:jump":9947,"minecraft:interact_with_blast_furnace":2,"minecraft:walk_on_water_one_cm":89053,"minecraft:total_world_time":380284,"minecraft:interact_with_furnace":71,"minecraft:traded_with_villager":730,"minecraft:sleep_in_bed":13,"minecraft:time_since_rest":21637,"minecraft:damage_taken":12994,"minecraft:damage_dealt":15654,"minecraft:player_kills":1,"minecraft:swim_one_cm":135509,"minecraft:fly_one_cm":1776396,"minecraft:open_chest":100,"minecraft:crouch_one_cm":113411,"minecraft:fall_one_cm":310757},"minecraft:mined":{"minecraft:white_bed":3,"minecraft:mossy_cobblestone":14,"minecraft:dark_oak_leaves":251,"minecraft:oak_door":1,"minecraft:cobblestone_stairs":6,"minecraft:dark_oak_log":536,"minecraft:grass_block":388,"minecraft:oxeye_daisy":1,"minecraft:hay_block":16,"minecraft:tall_seagrass":3,"minecraft:furnace":1,"minecraft:iron_ore":3,"minecraft:dark_oak_stairs":1,"minecraft:peony":2,"minecraft:gold_block":1,"minecraft:rail":1,"minecraft:oak_stairs":111,"minecraft:lantern":8,"minecraft:stripped_oak_log":16,"minecraft:stone":22,"minecraft:glass_pane":12,"minecraft:stone_brick_slab":1,"minecraft:dandelion":2,"minecraft:oak_fence":12,"minecraft:torch":11,"minecraft:crafting_table":5,"minecraft:chest":2,"minecraft:lectern":44,"minecraft:mushroom_stem":1,"minecraft:tall_grass":77,"minecraft:cobblestone":316,"minecraft:oak_planks":172,"minecraft:sugar_cane":128,"minecraft:grindstone":1,"minecraft:wall_torch":4,"minecraft:dark_oak_slab":26,"minecraft:redstone_torch":1,"minecraft:birch_leaves":9,"minecraft:stripped_oak_wood":2,"minecraft:yellow_bed":2,"minecraft:grass":148,"minecraft:coal_ore":14,"minecraft:oak_log":73,"minecraft:sand":6,"minecraft:dark_oak_sapling":16,"minecraft:gravel":2,"minecraft:dirt":267,"minecraft:netherrack":85,"minecraft:oak_leaves":12,"minecraft:dark_oak_planks":239},"minecraft:dropped":{"minecraft:water_bucket":1,"minecraft:stone_hoe":1,"minecraft:enchanted_book":3,"minecraft:iron_ingot":4,"minecraft:bread":52,"minecraft:wheat_seeds":20,"minecraft:dark_oak_sapling":1,"minecraft:cooked_porkchop":4,"minecraft:iron_helmet":2,"minecraft:cobblestone":136,"minecraft:book":2,"minecraft:leather":1,"minecraft:chainmail_helmet":10,"minecraft:coal":1,"minecraft:flint":1,"minecraft:emerald":22,"minecraft:red_mushroom":1,"minecraft:stick":7,"minecraft:oxeye_daisy":2,"minecraft:dirt":180,"minecraft:dark_oak_leaves":1,"minecraft:dark_oak_log":31,"minecraft:ink_sac":3,"minecraft:torch":1,"minecraft:sand":6,"minecraft:oak_stairs":69,"minecraft:pumpkin_pie":42,"minecraft:bone_meal":3,"minecraft:iron_axe":6,"minecraft:dark_oak_planks":531,"minecraft:string":3513,"minecraft:white_wool":4,"minecraft:stone_brick_slab":1,"minecraft:dandelion":8,"minecraft:bone":5,"minecraft:oak_door":1,"minecraft:gravel":2,"minecraft:stone_axe":9,"minecraft:sugar_cane":100,"minecraft:raw_iron":6,"minecraft:stone_shovel":1,"minecraft:rotten_flesh":10,"minecraft:iron_boots":17,"minecraft:oak_planks":4,"minecraft:diamond_shovel":3,"minecraft:azure_bluet":2,"minecraft:salmon":5,"minecraft:shears":1,"minecraft:suspicious_stew":4,"minecraft:filled_map":1,"minecraft:poppy":5,"minecraft:shield":2,"minecraft:peony":1,"minecraft:chainmail_boots":17,"minecraft:arrow":64,"minecraft:bow":48,"minecraft:stone_pickaxe":3,"minecraft:beef":3,"minecraft:wooden_pickaxe":3,"minecraft:netherrack":2,"minecraft:lectern":1,"minecraft:black_wool":1,"minecraft:egg":1},"minecraft:killed_by":{"minecraft:player":8,"minecraft:zombified_piglin":1,"minecraft:creeper":1,"minecraft:iron_golem":6,"minecraft:drowned":1,"minecraft:skeleton":2,"minecraft:zombie":1},"minecraft:killed":{"minecraft:spider":7,"minecraft:skeleton":10,"minecraft:chicken":2,"minecraft:pig":3,"minecraft:zombie_villager":1,"minecraft:salmon":15,"minecraft:iron_golem":5,"minecraft:creeper":1,"minecraft:sheep":4,"minecraft:trader_llama":1,"minecraft:zombie":13,"minecraft:villager":1,"minecraft:enderman":1,"minecraft:cow":4},"minecraft:broken":{"minecraft:iron_axe":2,"minecraft:stone_axe":2},"minecraft:picked_up":{"minecraft:crafting_table":7,"minecraft:azure_bluet":2,"minecraft:chainmail_boots":17,"minecraft:chicken":13,"minecraft:lead":1,"minecraft:diamond_sword":2,"minecraft:wooden_pickaxe":18,"minecraft:oak_stairs":838,"minecraft:gold_block":2,"minecraft:enchanted_book":9,"minecraft:shield":3,"minecraft:oak_trapdoor":2,"minecraft:string":33645,"minecraft:dark_oak_trapdoor":2,"minecraft:iron_axe":19,"minecraft:flint_and_steel":1,"minecraft:iron_shovel":1,"minecraft:diamond_leggings":6,"minecraft:dark_oak_leaves":2,"minecraft:bucket":1,"minecraft:beef":27,"minecraft:poppy":16,"minecraft:iron_pickaxe":2,"minecraft:sugar_cane":321,"minecraft:egg":19,"minecraft:lectern":48,"minecraft:chest":7,"minecraft:birch_sapling":1,"minecraft:iron_boots":22,"minecraft:furnace":8,"minecraft:dark_oak_sapling":80,"minecraft:raw_iron":18,"minecraft:stick":76,"minecraft:oak_door":11,"minecraft:oak_fence":14,"minecraft:torch":79,"minecraft:porkchop":13,"minecraft:dark_oak_planks":1143,"minecraft:diamond_chestplate":1,"minecraft:arrow":1208,"minecraft:stone_shovel":3,"minecraft:rotten_flesh":38,"minecraft:pumpkin_pie":104,"minecraft:peony":1,"minecraft:shears":2,"minecraft:diamond_boots":6,"minecraft:hay_block":16,"minecraft:rail":7,"minecraft:mutton":5,"minecraft:white_wool":9,"minecraft:cobblestone":816,"minecraft:oxeye_daisy":2,"minecraft:stripped_oak_log":16,"minecraft:feather":69,"minecraft:cooked_beef":2,"minecraft:tripwire_hook":2,"minecraft:water_bucket":11,"minecraft:salmon":23,"minecraft:leather":18,"minecraft:red_mushroom":1,"minecraft:potato":21,"minecraft:filled_map":12,"minecraft:flint":1,"minecraft:oak_log":417,"minecraft:yellow_bed":4,"minecraft:gunpowder":2,"minecraft:cobblestone_stairs":24,"minecraft:dirt":813,"minecraft:lantern":16,"minecraft:cooked_mutton":1,"minecraft:bone":38,"minecraft:apple":26,"minecraft:bow":60,"minecraft:wheat_seeds":75,"minecraft:grindstone":3,"minecraft:iron_ingot":30,"minecraft:stone_pickaxe":10,"minecraft:stripped_oak_wood":2,"minecraft:fletching_table":1,"minecraft:diamond_helmet":6,"minecraft:oak_planks":330,"minecraft:stone_hoe":4,"minecraft:dark_oak_stairs":1,"minecraft:book":7,"minecraft:dark_oak_slab":159,"minecraft:emerald_block":11,"minecraft:cooked_porkchop":7,"minecraft:stone_brick_slab":1,"minecraft:sand":12,"minecraft:dandelion":10,"minecraft:gravel":18,"minecraft:ink_sac":3,"minecraft:white_bed":3,"minecraft:grass_block":1,"minecraft:dark_oak_log":643,"minecraft:spider_eye":6,"minecraft:mossy_cobblestone":28,"minecraft:diamond_shovel":4,"minecraft:stone_axe":62,"minecraft:lever":2,"minecraft:iron_helmet":5,"minecraft:diamond_axe":2,"minecraft:granite":8,"minecraft:bone_meal":15,"minecraft:chainmail_helmet":11,"minecraft:emerald":124,"minecraft:bread":228,"minecraft:oak_sapling":1,"minecraft:netherrack":80,"minecraft:black_wool":1,"minecraft:coal":200,"minecraft:diamond_pickaxe":8}},"DataVersion":3465}