{"stats":{"minecraft:used":{"minecraft:stone_shovel":26,"minecraft:poppy":6,"minecraft:chest":5,"minecraft:rotten_flesh":3,"minecraft:torch":7,"minecraft:dirt":113,"minecraft:mutton":2,"minecraft:granite":8,"minecraft:dark_oak_planks":740,"minecraft:iron_axe":965,"minecraft:oak_stairs":5,"minecraft:iron_helmet":1,"minecraft:dark_oak_slab":27,"minecraft:iron_boots":1,"minecraft:bow":58,"minecraft:golden_carrot":9,"minecraft:beef":5,"minecraft:furnace":3,"minecraft:egg":10,"minecraft:cooked_beef":4,"minecraft:dark_oak_sapling":47,"minecraft:cooked_mutton":3,"minecraft:water_bucket":29,"minecraft:cobblestone_stairs":6,"minecraft:stone_pickaxe":59,"minecraft:oak_planks":217,"minecraft:wooden_pickaxe":15,"minecraft:mossy_cobblestone":2,"minecraft:crafting_table":7,"minecraft:white_bed":3,"minecraft:diamond_pickaxe":215,"minecraft:apple":4,"minecraft:diamond_shovel":245,"minecraft:dark_oak_log":85,"minecraft:chicken":2,"minecraft:bread":43,"minecraft:iron_pickaxe":125,"minecraft:lectern":48,"minecraft:stone_axe":352,"minecraft:cobblestone":20,"minecraft:porkchop":4,"minecraft:grindstone":1,"minecraft:cooked_porkchop":5,"minecraft:bucket":29,"minecraft:pumpkin_pie":21,"minecraft:yellow_bed":3,"minecraft:dandelion":1,"minecraft:bone_meal":21},"minecraft:crafted":{"minecraft:golden_carrot":12,"minecraft:oak_planks":252,"minecraft:stone_shovel":1,"minecraft:furnace":1,"minecraft:bone_meal":9,"minecraft:bookshelf":3,"minecraft:cooked_mutton":2,"minecraft:suspicious_stew":4,"minecraft:bow":24,"minecraft:iron_axe":1,"minecraft:stone_pickaxe":1,"minecraft:chest":2,"minecraft:dark_oak_planks":1144,"minecraft:wheat":144,"minecraft:cooked_beef":4,"minecraft:emerald":303,"minecraft:cooked_porkchop":4,"minecraft:crafting_table":4,"minecraft:wooden_pickaxe":1,"minecraft:bucket":1,"minecraft:stone_axe":1,"minecraft:enchanted_book":4,"minecraft:bread":60,"minecraft:air":0,"minecraft:lectern":2,"minecraft:dark_oak_slab":24,"minecraft:stick":16,"minecraft:iron_ingot":3,"minecraft:iron_pickaxe":1,"minecraft:pumpkin_pie":20,"minecraft:diamond_chestplate":1},"minecraft:custom":{"minecraft:mob_kills":35,"minecraft:interact_with_crafting_table":36,"minecraft:leave_game":4,"minecraft:time_since_death":103518,"minecraft:sprint_one_cm":827346,"minecraft:walk_one_cm":527796,"minecraft:drop":291,"minecraft:talked_to_villager":174,"minecraft:play_time":254799,"minecraft:deaths":23,"minecraft:sneak_time":21317,"minecraft:walk_under_water_one_cm":5340,"minecraft:jump":6515,"minecraft:interact_with_blast_furnace":2,"minecraft:walk_on_water_one_cm":20833,"minecraft:total_world_time":254799,"minecraft:interact_with_furnace":70,"minecraft:traded_with_villager":350,"minecraft:sleep_in_bed":10,"minecraft:time_since_rest":39234,"minecraft:damage_taken":10344,"minecraft:damage_dealt":9687,"minecraft:player_kills":1,"minecraft:swim_one_cm":27682,"minecraft:fly_one_cm":1124215,"minecraft:open_chest":41,"minecraft:crouch_one_cm":79067,"minecraft:fall_one_cm":212648},"minecraft:mined":{"minecraft:dark_oak_planks":211,"minecraft:white_bed":3,"minecraft:mossy_cobblestone":14,"minecraft:dark_oak_leaves":231,"minecraft:oak_door":1,"minecraft:cobblestone_stairs":6,"minecraft:dark_oak_log":406,"minecraft:grass_block":179,"minecraft:hay_block":16,"minecraft:furnace":1,"minecraft:iron_ore":3,"minecraft:oak_stairs":111,"minecraft:stone":22,"minecraft:glass_pane":12,"minecraft:oak_fence":4,"minecraft:crafting_table":3,"minecraft:torch":2,"minecraft:chest":2,"minecraft:lectern":43,"minecraft:mushroom_stem":1,"minecraft:tall_grass":58,"minecraft:cobblestone":245,"minecraft:oak_planks":166,"minecraft:sugar_cane":67,"minecraft:grindstone":1,"minecraft:wall_torch":3,"minecraft:dark_oak_slab":23,"minecraft:birch_leaves":9,"minecraft:stripped_oak_wood":1,"minecraft:yellow_bed":2,"minecraft:grass":107,"minecraft:oak_log":62,"minecraft:coal_ore":14,"minecraft:dark_oak_sapling":16,"minecraft:gravel":2,"minecraft:dirt":138,"minecraft:netherrack":51,"minecraft:oak_leaves":2},"minecraft:dropped":{"minecraft:stone_hoe":1,"minecraft:enchanted_book":3,"minecraft:iron_ingot":2,"minecraft:bread":20,"minecraft:wheat_seeds":11,"minecraft:dark_oak_sapling":1,"minecraft:cooked_porkchop":4,"minecraft:iron_helmet":2,"minecraft:cobblestone":136,"minecraft:book":2,"minecraft:leather":1,"minecraft:chainmail_helmet":10,"minecraft:flint":1,"minecraft:coal":1,"minecraft:emerald":13,"minecraft:red_mushroom":1,"minecraft:stick":4,"minecraft:dirt":165,"minecraft:dark_oak_log":31,"minecraft:torch":1,"minecraft:oak_stairs":69,"minecraft:pumpkin_pie":18,"minecraft:bone_meal":3,"minecraft:iron_axe":4,"minecraft:dark_oak_planks":530,"minecraft:bone":5,"minecraft:oak_door":1,"minecraft:gravel":2,"minecraft:stone_axe":9,"minecraft:sugar_cane":99,"minecraft:raw_iron":6,"minecraft:stone_shovel":1,"minecraft:rotten_flesh":8,"minecraft:iron_boots":17,"minecraft:oak_planks":4,"minecraft:diamond_shovel":3,"minecraft:suspicious_stew":4,"minecraft:filled_map":1,"minecraft:poppy":1,"minecraft:shield":2,"minecraft:chainmail_boots":17,"minecraft:wooden_pickaxe":3,"minecraft:bow":46,"minecraft:arrow":64,"minecraft:stone_pickaxe":3,"minecraft:beef":3,"minecraft:netherrack":2,"minecraft:black_wool":1,"minecraft:lectern":1,"minecraft:egg":1},"minecraft:killed_by":{"minecraft:player":8,"minecraft:zombified_piglin":1,"minecraft:creeper":1,"minecraft:iron_golem":6,"minecraft:drowned":1,"minecraft:skeleton":2},"minecraft:killed":{"minecraft:spider":4,"minecraft:skeleton":4,"minecraft:chicken":2,"minecraft:pig":3,"minecraft:zombie_villager":1,"minecraft:iron_golem":5,"minecraft:sheep":4,"minecraft:trader_llama":1,"minecraft:zombie":6,"minecraft:villager":1,"minecraft:cow":4},"minecraft:broken":{"minecraft:iron_axe":2,"minecraft:stone_axe":2},"minecraft:picked_up":{"minecraft:crafting_table":5,"minecraft:chainmail_boots":17,"minecraft:chicken":13,"minecraft:wooden_pickaxe":18,"minecraft:oak_stairs":838,"minecraft:enchanted_book":1,"minecraft:shield":3,"minecraft:string":18619,"minecraft:iron_axe":17,"minecraft:diamond_leggings":5,"minecraft:bucket":1,"minecraft:beef":24,"minecraft:poppy":13,"minecraft:iron_pickaxe":2,"minecraft:lectern":47,"minecraft:sugar_cane":228,"minecraft:chest":7,"minecraft:birch_sapling":1,"minecraft:furnace":8,"minecraft:iron_boots":22,"minecraft:egg":19,"minecraft:dark_oak_sapling":67,"minecraft:stick":63,"minecraft:raw_iron":18,"minecraft:oak_door":11,"minecraft:oak_fence":4,"minecraft:torch":23,"minecraft:porkchop":13,"minecraft:dark_oak_planks":890,"minecraft:arrow":1195,"minecraft:stone_shovel":3,"minecraft:rotten_flesh":35,"minecraft:pumpkin_pie":64,"minecraft:diamond_boots":5,"minecraft:hay_block":16,"minecraft:mutton":5,"minecraft:white_wool":5,"minecraft:cobblestone":753,"minecraft:feather":69,"minecraft:cooked_beef":2,"minecraft:water_bucket":9,"minecraft:leather":18,"minecraft:red_mushroom":1,"minecraft:potato":21,"minecraft:filled_map":12,"minecraft:flint":1,"minecraft:oak_log":406,"minecraft:yellow_bed":4,"minecraft:cobblestone_stairs":24,"minecraft:dirt":436,"minecraft:cooked_mutton":1,"minecraft:bone":26,"minecraft:apple":24,"minecraft:bow":58,"minecraft:wheat_seeds":65,"minecraft:iron_ingot":23,"minecraft:grindstone":3,"minecraft:stone_pickaxe":10,"minecraft:stripped_oak_wood":1,"minecraft:fletching_table":1,"minecraft:diamond_helmet":5,"minecraft:stone_hoe":4,"minecraft:oak_planks":323,"minecraft:book":7,"minecraft:dark_oak_slab":31,"minecraft:cooked_porkchop":7,"minecraft:dandelion":2,"minecraft:gravel":18,"minecraft:white_bed":3,"minecraft:dark_oak_log":509,"minecraft:spider_eye":6,"minecraft:mossy_cobblestone":28,"minecraft:diamond_shovel":2,"minecraft:stone_axe":62,"minecraft:iron_helmet":5,"minecraft:granite":8,"minecraft:bone_meal":15,"minecraft:chainmail_helmet":11,"minecraft:bread":164,"minecraft:emerald":115,"minecraft:netherrack":48,"minecraft:black_wool":1,"minecraft:coal":169,"minecraft:diamond_pickaxe":6}},"DataVersion":3465}