{"stats":{"minecraft:picked_up":{"minecraft:chainmail_boots":17,"minecraft:anvil":2,"minecraft:diamond_sword":4,"minecraft:lead":4,"minecraft:oak_stairs":838,"minecraft:enchanted_book":16,"minecraft:string":34848,"minecraft:dark_oak_trapdoor":2,"minecraft:diamond_leggings":8,"minecraft:bucket":1,"minecraft:dark_oak_leaves":2,"minecraft:iron_pickaxe":2,"minecraft:furnace":8,"minecraft:iron_boots":22,"minecraft:stick":76,"minecraft:oak_fence":14,"minecraft:torch":79,"minecraft:porkchop":14,"minecraft:rotten_flesh":38,"minecraft:iron_block":7,"minecraft:cobblestone":816,"minecraft:feather":69,"minecraft:cooked_beef":2,"minecraft:water_bucket":13,"minecraft:potato":21,"minecraft:flint":1,"minecraft:lantern":32,"minecraft:dirt":822,"minecraft:bone":41,"minecraft:bow":60,"minecraft:wheat_seeds":75,"minecraft:grindstone":3,"minecraft:diamond_helmet":8,"minecraft:fletching_table":1,"minecraft:stone_hoe":4,"minecraft:oak_planks":330,"minecraft:cooked_porkchop":7,"minecraft:sand":12,"minecraft:ink_sac":3,"minecraft:grass_block":2,"minecraft:dark_oak_log":643,"minecraft:mossy_cobblestone":28,"minecraft:lever":2,"minecraft:granite":8,"minecraft:bone_meal":15,"minecraft:bread":228,"minecraft:emerald":378,"minecraft:chainmail_helmet":11,"minecraft:oak_sapling":1,"minecraft:netherrack":80,"minecraft:diamond_pickaxe":12,"minecraft:crafting_table":7,"minecraft:azure_bluet":2,"minecraft:chicken":13,"minecraft:wooden_pickaxe":18,"minecraft:gold_block":4,"minecraft:shield":3,"minecraft:oak_trapdoor":2,"minecraft:iron_axe":19,"minecraft:flint_and_steel":1,"minecraft:iron_shovel":1,"minecraft:beef":27,"minecraft:poppy":26,"minecraft:lectern":84,"minecraft:minecart":3,"minecraft:sugar_cane":321,"minecraft:chest":7,"minecraft:birch_sapling":1,"minecraft:egg":19,"minecraft:dark_oak_sapling":82,"minecraft:raw_iron":18,"minecraft:oak_door":11,"minecraft:dark_oak_planks":1143,"minecraft:arrow":1211,"minecraft:stone_shovel":3,"minecraft:diamond_chestplate":3,"minecraft:peony":1,"minecraft:pumpkin_pie":184,"minecraft:shears":2,"minecraft:diamond_boots":8,"minecraft:hay_block":16,"minecraft:mutton":5,"minecraft:white_wool":9,"minecraft:rail":7,"minecraft:oxeye_daisy":2,"minecraft:stripped_oak_log":16,"minecraft:tripwire_hook":2,"minecraft:salmon":41,"minecraft:leather":18,"minecraft:red_mushroom":1,"minecraft:filled_map":12,"minecraft:oak_log":417,"minecraft:golden_boots":1,"minecraft:yellow_bed":4,"minecraft:gunpowder":4,"minecraft:cobblestone_stairs":24,"minecraft:cooked_mutton":1,"minecraft:apple":26,"minecraft:iron_ingot":62,"minecraft:stone_pickaxe":10,"minecraft:stripped_oak_wood":2,"minecraft:dark_oak_stairs":2,"minecraft:book":9,"minecraft:dark_oak_slab":209,"minecraft:emerald_block":11,"minecraft:stone_brick_slab":1,"minecraft:dandelion":10,"minecraft:gravel":18,"minecraft:white_bed":3,"minecraft:spider_eye":7,"minecraft:diamond_shovel":8,"minecraft:stone_axe":62,"minecraft:iron_helmet":5,"minecraft:diamond_axe":5,"minecraft:black_wool":1,"minecraft:coal":200},"minecraft:broken":{"minecraft:stone_axe":2,"minecraft:iron_axe":2},"minecraft:killed":{"minecraft:spider":8,"minecraft:skeleton":11,"minecraft:chicken":2,"minecraft:wolf":1,"minecraft:piglin":2,"minecraft:pig":3,"minecraft:zombie_villager":1,"minecraft:salmon":15,"minecraft:iron_golem":7,"minecraft:creeper":2,"minecraft:sheep":4,"minecraft:trader_llama":1,"minecraft:zombie":13,"minecraft:cow":4,"minecraft:hoglin":1,"minecraft:villager":1,"minecraft:enderman":1},"minecraft:custom":{"minecraft:animals_bred":1,"minecraft:interact_with_crafting_table":78,"minecraft:leave_game":12,"minecraft:time_since_death":14206,"minecraft:sprint_one_cm":1289177,"minecraft:drop":1070,"minecraft:talked_to_villager":365,"minecraft:play_time":410862,"minecraft:deaths":26,"minecraft:jump":10868,"minecraft:walk_on_water_one_cm":98315,"minecraft:interact_with_furnace":73,"minecraft:traded_with_villager":814,"minecraft:sleep_in_bed":13,"minecraft:damage_dealt":19495,"minecraft:player_kills":1,"minecraft:crouch_one_cm":123848,"minecraft:interact_with_anvil":3,"minecraft:mob_kills":77,"minecraft:walk_one_cm":788681,"minecraft:sneak_time":30998,"minecraft:walk_under_water_one_cm":27061,"minecraft:boat_one_cm":20458,"minecraft:interact_with_blast_furnace":2,"minecraft:total_world_time":410862,"minecraft:interact_with_grindstone":1,"minecraft:time_since_rest":14234,"minecraft:damage_taken":14843,"minecraft:swim_one_cm":135509,"minecraft:fly_one_cm":1968423,"minecraft:open_chest":115,"minecraft:fall_one_cm":340481},"minecraft:crafted":{"minecraft:oak_planks":364,"minecraft:lever":2,"minecraft:diamond_shovel":1,"minecraft:bookshelf":3,"minecraft:cooked_mutton":2,"minecraft:suspicious_stew":4,"minecraft:bow":24,"minecraft:chest":3,"minecraft:oak_fence":69,"minecraft:emerald":727,"minecraft:cooked_porkchop":4,"minecraft:crafting_table":5,"minecraft:wooden_pickaxe":1,"minecraft:lectern":2,"minecraft:dark_oak_slab":138,"minecraft:emerald_block":64,"minecraft:stick":104,"minecraft:iron_ingot":3,"minecraft:iron_pickaxe":1,"minecraft:iron_block":3,"minecraft:golden_carrot":45,"minecraft:stone_shovel":1,"minecraft:tripwire_hook":4,"minecraft:furnace":1,"minecraft:bone_meal":9,"minecraft:oak_trapdoor":4,"minecraft:iron_axe":1,"minecraft:stone_pickaxe":1,"minecraft:dark_oak_planks":1152,"minecraft:wheat":144,"minecraft:cooked_beef":4,"minecraft:bucket":1,"minecraft:stone_axe":1,"minecraft:enchanted_book":4,"minecraft:bread":156,"minecraft:air":0,"minecraft:anvil":1,"minecraft:pumpkin_pie":68,"minecraft:torch":120,"minecraft:diamond_chestplate":1},"minecraft:used":{"minecraft:poppy":10,"minecraft:chest":6,"minecraft:rotten_flesh":3,"minecraft:mutton":2,"minecraft:grass_block":1,"minecraft:iron_helmet":1,"minecraft:dark_oak_slab":69,"minecraft:bow":58,"minecraft:furnace":3,"minecraft:egg":10,"minecraft:dark_oak_sapling":59,"minecraft:dark_oak_stairs":2,"minecraft:stone_pickaxe":59,"minecraft:oak_planks":285,"minecraft:wooden_pickaxe":15,"minecraft:diamond_axe":211,"minecraft:sugar_cane":54,"minecraft:dark_oak_trapdoor":2,"minecraft:sand":6,"minecraft:shears":5,"minecraft:lever":4,"minecraft:dark_oak_log":85,"minecraft:bread":61,"minecraft:string":7,"minecraft:lectern":85,"minecraft:diamond_sword":149,"minecraft:grindstone":1,"minecraft:bone_meal":21,"minecraft:oak_fence":79,"minecraft:oak_trapdoor":6,"minecraft:stone_shovel":26,"minecraft:torch":116,"minecraft:dirt":441,"minecraft:anvil":2,"minecraft:granite":8,"minecraft:dark_oak_planks":771,"minecraft:iron_block":1,"minecraft:iron_axe":1096,"minecraft:oak_stairs":5,"minecraft:iron_boots":1,"minecraft:tripwire_hook":6,"minecraft:golden_carrot":45,"minecraft:beef":5,"minecraft:emerald_block":12,"minecraft:cooked_beef":4,"minecraft:cooked_mutton":3,"minecraft:water_bucket":116,"minecraft:cobblestone_stairs":6,"minecraft:mossy_cobblestone":2,"minecraft:crafting_table":10,"minecraft:white_bed":3,"minecraft:diamond_pickaxe":337,"minecraft:apple":4,"minecraft:diamond_shovel":594,"minecraft:chicken":2,"minecraft:iron_pickaxe":125,"minecraft:stone_axe":352,"minecraft:cobblestone":181,"minecraft:cooked_porkchop":5,"minecraft:porkchop":4,"minecraft:bucket":116,"minecraft:yellow_bed":3,"minecraft:pumpkin_pie":37,"minecraft:dandelion":1,"minecraft:diamond_leggings":1},"minecraft:mined":{"minecraft:dark_oak_planks":239,"minecraft:white_bed":3,"minecraft:cobblestone_stairs":6,"minecraft:grass_block":389,"minecraft:oxeye_daisy":1,"minecraft:tall_seagrass":3,"minecraft:iron_ore":3,"minecraft:anvil":2,"minecraft:dark_oak_stairs":2,"minecraft:oak_stairs":111,"minecraft:iron_block":1,"minecraft:torch":11,"minecraft:chest":2,"minecraft:mushroom_stem":1,"minecraft:cobblestone":316,"minecraft:grindstone":1,"minecraft:sugar_cane":128,"minecraft:oak_planks":172,"minecraft:wall_torch":4,"minecraft:dark_oak_slab":28,"minecraft:stripped_oak_wood":2,"minecraft:grass":151,"minecraft:oak_log":73,"minecraft:dark_oak_sapling":16,"minecraft:sand":6,"minecraft:dirt":277,"minecraft:netherrack":85,"minecraft:oak_leaves":12,"minecraft:mossy_cobblestone":14,"minecraft:dark_oak_leaves":251,"minecraft:oak_door":1,"minecraft:dark_oak_log":536,"minecraft:hay_block":16,"minecraft:furnace":1,"minecraft:peony":2,"minecraft:gold_block":1,"minecraft:lantern":8,"minecraft:rail":1,"minecraft:stripped_oak_log":16,"minecraft:stone":22,"minecraft:glass_pane":12,"minecraft:stone_brick_slab":1,"minecraft:dandelion":2,"minecraft:oak_fence":12,"minecraft:crafting_table":5,"minecraft:lectern":80,"minecraft:tall_grass":77,"minecraft:redstone_torch":1,"minecraft:birch_leaves":9,"minecraft:yellow_bed":2,"minecraft:coal_ore":14,"minecraft:gravel":2},"minecraft:killed_by":{"minecraft:zombified_piglin":1,"minecraft:creeper":1,"minecraft:drowned":1,"minecraft:zombie":1,"minecraft:player":8,"minecraft:iron_golem":8,"minecraft:skeleton":2},"minecraft:dropped":{"minecraft:porkchop":1,"minecraft:diamond_axe":1,"minecraft:dark_oak_sapling":1,"minecraft:cooked_porkchop":4,"minecraft:leather":1,"minecraft:red_mushroom":1,"minecraft:flint":1,"minecraft:emerald":86,"minecraft:dirt":184,"minecraft:dark_oak_log":31,"minecraft:pumpkin_pie":42,"minecraft:bone_meal":3,"minecraft:sand":6,"minecraft:dark_oak_planks":531,"minecraft:white_wool":4,"minecraft:bone":5,"minecraft:oak_door":1,"minecraft:gravel":2,"minecraft:stone_axe":9,"minecraft:sugar_cane":100,"minecraft:rotten_flesh":10,"minecraft:oak_planks":4,"minecraft:diamond_shovel":3,"minecraft:azure_bluet":2,"minecraft:salmon":5,"minecraft:poppy":7,"minecraft:gunpowder":2,"minecraft:chainmail_boots":17,"minecraft:arrow":64,"minecraft:beef":3,"minecraft:netherrack":2,"minecraft:lectern":1,"minecraft:egg":1,"minecraft:golden_boots":1,"minecraft:enchanted_book":3,"minecraft:stone_hoe":1,"minecraft:water_bucket":1,"minecraft:iron_ingot":28,"minecraft:bread":52,"minecraft:wheat_seeds":20,"minecraft:iron_helmet":2,"minecraft:cobblestone":136,"minecraft:book":2,"minecraft:chainmail_helmet":10,"minecraft:coal":1,"minecraft:stick":7,"minecraft:oxeye_daisy":2,"minecraft:dark_oak_leaves":1,"minecraft:ink_sac":3,"minecraft:torch":1,"minecraft:oak_stairs":69,"minecraft:iron_axe":6,"minecraft:string":3513,"minecraft:dandelion":8,"minecraft:stone_brick_slab":1,"minecraft:raw_iron":6,"minecraft:stone_shovel":1,"minecraft:iron_boots":17,"minecraft:shears":1,"minecraft:suspicious_stew":4,"minecraft:filled_map":1,"minecraft:shield":2,"minecraft:peony":1,"minecraft:spider_eye":1,"minecraft:bow":48,"minecraft:stone_pickaxe":3,"minecraft:wooden_pickaxe":3,"minecraft:black_wool":1}},"DataVersion":3465}