{"stats":{"minecraft:used":{"minecraft:stone_shovel":26,"minecraft:poppy":6,"minecraft:chest":5,"minecraft:rotten_flesh":3,"minecraft:torch":7,"minecraft:dirt":265,"minecraft:mutton":2,"minecraft:granite":8,"minecraft:dark_oak_planks":742,"minecraft:iron_axe":992,"minecraft:oak_stairs":5,"minecraft:iron_helmet":1,"minecraft:dark_oak_slab":35,"minecraft:iron_boots":1,"minecraft:golden_carrot":17,"minecraft:bow":58,"minecraft:beef":5,"minecraft:furnace":3,"minecraft:egg":10,"minecraft:cooked_beef":4,"minecraft:dark_oak_sapling":47,"minecraft:cooked_mutton":3,"minecraft:water_bucket":29,"minecraft:cobblestone_stairs":6,"minecraft:stone_pickaxe":59,"minecraft:oak_planks":217,"minecraft:wooden_pickaxe":15,"minecraft:sugar_cane":54,"minecraft:mossy_cobblestone":2,"minecraft:crafting_table":7,"minecraft:white_bed":3,"minecraft:diamond_pickaxe":215,"minecraft:apple":4,"minecraft:diamond_shovel":365,"minecraft:dark_oak_log":85,"minecraft:chicken":2,"minecraft:bread":43,"minecraft:iron_pickaxe":125,"minecraft:lectern":48,"minecraft:stone_axe":352,"minecraft:cobblestone":20,"minecraft:porkchop":4,"minecraft:grindstone":1,"minecraft:cooked_porkchop":5,"minecraft:bucket":29,"minecraft:pumpkin_pie":21,"minecraft:yellow_bed":3,"minecraft:dandelion":1,"minecraft:bone_meal":21},"minecraft:crafted":{"minecraft:golden_carrot":45,"minecraft:oak_planks":252,"minecraft:stone_shovel":1,"minecraft:furnace":1,"minecraft:bone_meal":9,"minecraft:diamond_shovel":1,"minecraft:bookshelf":3,"minecraft:cooked_mutton":2,"minecraft:suspicious_stew":4,"minecraft:bow":24,"minecraft:iron_axe":1,"minecraft:stone_pickaxe":1,"minecraft:chest":2,"minecraft:dark_oak_planks":1144,"minecraft:wheat":144,"minecraft:cooked_beef":4,"minecraft:emerald":317,"minecraft:cooked_porkchop":4,"minecraft:crafting_table":4,"minecraft:wooden_pickaxe":1,"minecraft:bucket":1,"minecraft:stone_axe":1,"minecraft:enchanted_book":4,"minecraft:bread":60,"minecraft:air":0,"minecraft:lectern":2,"minecraft:dark_oak_slab":138,"minecraft:stick":16,"minecraft:iron_ingot":3,"minecraft:iron_pickaxe":1,"minecraft:pumpkin_pie":20,"minecraft:diamond_chestplate":1},"minecraft:custom":{"minecraft:mob_kills":36,"minecraft:interact_with_crafting_table":50,"minecraft:leave_game":5,"minecraft:time_since_death":120940,"minecraft:sprint_one_cm":890141,"minecraft:walk_one_cm":567670,"minecraft:drop":297,"minecraft:talked_to_villager":193,"minecraft:play_time":272221,"minecraft:deaths":23,"minecraft:sneak_time":23177,"minecraft:walk_under_water_one_cm":5686,"minecraft:jump":6970,"minecraft:interact_with_blast_furnace":2,"minecraft:walk_on_water_one_cm":26021,"minecraft:total_world_time":272221,"minecraft:interact_with_furnace":70,"minecraft:traded_with_villager":376,"minecraft:sleep_in_bed":11,"minecraft:time_since_rest":13530,"minecraft:damage_taken":10768,"minecraft:damage_dealt":10804,"minecraft:player_kills":1,"minecraft:swim_one_cm":36022,"minecraft:fly_one_cm":1217603,"minecraft:open_chest":47,"minecraft:crouch_one_cm":87090,"minecraft:fall_one_cm":228613},"minecraft:mined":{"minecraft:dark_oak_planks":213,"minecraft:white_bed":3,"minecraft:mossy_cobblestone":14,"minecraft:dark_oak_leaves":231,"minecraft:oak_door":1,"minecraft:cobblestone_stairs":6,"minecraft:dark_oak_log":406,"minecraft:grass_block":309,"minecraft:oxeye_daisy":1,"minecraft:hay_block":16,"minecraft:furnace":1,"minecraft:iron_ore":3,"minecraft:oak_stairs":111,"minecraft:stone":22,"minecraft:glass_pane":12,"minecraft:dandelion":2,"minecraft:oak_fence":4,"minecraft:crafting_table":5,"minecraft:torch":3,"minecraft:chest":2,"minecraft:lectern":43,"minecraft:mushroom_stem":1,"minecraft:tall_grass":62,"minecraft:cobblestone":245,"minecraft:oak_planks":166,"minecraft:sugar_cane":128,"minecraft:grindstone":1,"minecraft:wall_torch":3,"minecraft:dark_oak_slab":23,"minecraft:birch_leaves":9,"minecraft:stripped_oak_wood":1,"minecraft:yellow_bed":2,"minecraft:grass":124,"minecraft:coal_ore":14,"minecraft:oak_log":62,"minecraft:dark_oak_sapling":16,"minecraft:gravel":2,"minecraft:dirt":144,"minecraft:netherrack":51,"minecraft:oak_leaves":2},"minecraft:dropped":{"minecraft:stone_hoe":1,"minecraft:enchanted_book":3,"minecraft:iron_ingot":4,"minecraft:bread":20,"minecraft:wheat_seeds":11,"minecraft:dark_oak_sapling":1,"minecraft:cooked_porkchop":4,"minecraft:iron_helmet":2,"minecraft:cobblestone":136,"minecraft:book":2,"minecraft:leather":1,"minecraft:chainmail_helmet":10,"minecraft:flint":1,"minecraft:coal":1,"minecraft:emerald":21,"minecraft:red_mushroom":1,"minecraft:stick":4,"minecraft:dirt":165,"minecraft:dark_oak_log":31,"minecraft:torch":1,"minecraft:oak_stairs":69,"minecraft:pumpkin_pie":18,"minecraft:bone_meal":3,"minecraft:iron_axe":4,"minecraft:dark_oak_planks":530,"minecraft:string":64,"minecraft:bone":5,"minecraft:oak_door":1,"minecraft:gravel":2,"minecraft:stone_axe":9,"minecraft:sugar_cane":99,"minecraft:raw_iron":6,"minecraft:stone_shovel":1,"minecraft:rotten_flesh":8,"minecraft:iron_boots":17,"minecraft:oak_planks":4,"minecraft:diamond_shovel":3,"minecraft:shears":1,"minecraft:suspicious_stew":4,"minecraft:filled_map":1,"minecraft:poppy":1,"minecraft:shield":2,"minecraft:chainmail_boots":17,"minecraft:bow":46,"minecraft:arrow":64,"minecraft:stone_pickaxe":3,"minecraft:beef":3,"minecraft:wooden_pickaxe":3,"minecraft:netherrack":2,"minecraft:black_wool":1,"minecraft:lectern":1,"minecraft:egg":1},"minecraft:killed_by":{"minecraft:player":8,"minecraft:zombified_piglin":1,"minecraft:creeper":1,"minecraft:iron_golem":6,"minecraft:drowned":1,"minecraft:skeleton":2},"minecraft:killed":{"minecraft:spider":5,"minecraft:skeleton":4,"minecraft:chicken":2,"minecraft:pig":3,"minecraft:zombie_villager":1,"minecraft:iron_golem":5,"minecraft:sheep":4,"minecraft:trader_llama":1,"minecraft:zombie":6,"minecraft:villager":1,"minecraft:cow":4},"minecraft:broken":{"minecraft:iron_axe":2,"minecraft:stone_axe":2},"minecraft:picked_up":{"minecraft:crafting_table":7,"minecraft:azure_bluet":2,"minecraft:chainmail_boots":17,"minecraft:chicken":13,"minecraft:wooden_pickaxe":18,"minecraft:oak_stairs":838,"minecraft:enchanted_book":1,"minecraft:shield":3,"minecraft:string":19363,"minecraft:iron_axe":17,"minecraft:diamond_leggings":5,"minecraft:bucket":1,"minecraft:beef":24,"minecraft:poppy":14,"minecraft:iron_pickaxe":2,"minecraft:lectern":47,"minecraft:sugar_cane":320,"minecraft:chest":7,"minecraft:birch_sapling":1,"minecraft:furnace":8,"minecraft:iron_boots":22,"minecraft:egg":19,"minecraft:dark_oak_sapling":67,"minecraft:stick":63,"minecraft:raw_iron":18,"minecraft:oak_door":11,"minecraft:oak_fence":4,"minecraft:torch":24,"minecraft:porkchop":13,"minecraft:dark_oak_planks":892,"minecraft:arrow":1195,"minecraft:stone_shovel":3,"minecraft:rotten_flesh":35,"minecraft:pumpkin_pie":64,"minecraft:shears":1,"minecraft:diamond_boots":5,"minecraft:hay_block":16,"minecraft:mutton":5,"minecraft:white_wool":7,"minecraft:cobblestone":753,"minecraft:oxeye_daisy":1,"minecraft:feather":69,"minecraft:cooked_beef":2,"minecraft:water_bucket":9,"minecraft:leather":18,"minecraft:red_mushroom":1,"minecraft:potato":21,"minecraft:filled_map":12,"minecraft:flint":1,"minecraft:oak_log":406,"minecraft:yellow_bed":4,"minecraft:cobblestone_stairs":24,"minecraft:dirt":588,"minecraft:cooked_mutton":1,"minecraft:bone":26,"minecraft:apple":24,"minecraft:bow":58,"minecraft:wheat_seeds":70,"minecraft:iron_ingot":30,"minecraft:grindstone":3,"minecraft:stone_pickaxe":10,"minecraft:stripped_oak_wood":1,"minecraft:fletching_table":1,"minecraft:diamond_helmet":5,"minecraft:stone_hoe":4,"minecraft:oak_planks":324,"minecraft:book":7,"minecraft:dark_oak_slab":34,"minecraft:cooked_porkchop":7,"minecraft:dandelion":6,"minecraft:gravel":18,"minecraft:ink_sac":3,"minecraft:white_bed":3,"minecraft:dark_oak_log":509,"minecraft:spider_eye":6,"minecraft:mossy_cobblestone":28,"minecraft:diamond_shovel":2,"minecraft:stone_axe":62,"minecraft:iron_helmet":5,"minecraft:granite":8,"minecraft:bone_meal":15,"minecraft:chainmail_helmet":11,"minecraft:bread":164,"minecraft:emerald":123,"minecraft:netherrack":48,"minecraft:black_wool":1,"minecraft:coal":169,"minecraft:diamond_pickaxe":6}},"DataVersion":3465}