{"stats":{"minecraft:used":{"minecraft:poppy":1,"minecraft:elytra":7,"minecraft:stone":29,"minecraft:rotten_flesh":5,"minecraft:tuff":18,"minecraft:glass":20,"minecraft:lava_bucket":14,"minecraft:lantern":22,"minecraft:dark_oak_leaves":258,"minecraft:dark_oak_slab":520,"minecraft:bow":37,"minecraft:dark_oak_boat":3,"minecraft:sweet_berries":24,"minecraft:oak_sapling":2,"minecraft:egg":1,"minecraft:potato":18,"minecraft:dark_oak_sapling":48,"minecraft:dark_oak_stairs":41,"minecraft:diorite":28,"minecraft:diamond_boots":1,"minecraft:oak_planks":444,"minecraft:ender_pearl":40,"minecraft:diamond_axe":2287,"minecraft:clay":1,"minecraft:white_wool":160,"minecraft:shears":236,"minecraft:end_stone":23,"minecraft:birch_fence":96,"minecraft:firework_rocket":6,"minecraft:dark_oak_log":793,"minecraft:bread":184,"minecraft:string":63,"minecraft:deepslate":42,"minecraft:gravel":1,"minecraft:diamond_sword":501,"minecraft:bone_meal":45,"minecraft:oak_trapdoor":17,"minecraft:rose_bush":3,"minecraft:redstone":1,"minecraft:ender_chest":2,"minecraft:deepslate_gold_ore":1,"minecraft:netherrack":146,"minecraft:torch":36,"minecraft:dragon_egg":3,"minecraft:dirt":699,"minecraft:anvil":2,"minecraft:diamond_helmet":2,"minecraft:shulker_box":23,"minecraft:oak_fence_gate":2,"minecraft:dark_oak_planks":486,"minecraft:bookshelf":14,"minecraft:oak_stairs":297,"minecraft:smooth_basalt":19,"minecraft:diamond_chestplate":10,"minecraft:golden_carrot":21,"minecraft:cobbled_deepslate":41,"minecraft:water_bucket":356,"minecraft:salmon":9,"minecraft:crafting_table":13,"minecraft:white_bed":5,"minecraft:oak_log":23,"minecraft:piston":35,"minecraft:ender_eye":1,"minecraft:diamond_pickaxe":1595,"minecraft:apple":2,"minecraft:diamond_shovel":1824,"minecraft:cobblestone":336,"minecraft:bucket":371,"minecraft:glass_pane":29,"minecraft:pumpkin_pie":24,"minecraft:stripped_oak_log":6,"minecraft:dandelion":1,"minecraft:diamond_leggings":3},"minecraft:crafted":{"minecraft:oak_planks":896,"minecraft:dark_oak_boat":3,"minecraft:blaze_powder":2,"minecraft:diamond_shovel":1,"minecraft:bookshelf":13,"minecraft:shulker_box":1,"minecraft:glass":8,"minecraft:diamond_helmet":1,"minecraft:diamond_leggings":1,"minecraft:bow":2,"minecraft:chest":1,"minecraft:ender_eye":1,"minecraft:arrow":192,"minecraft:emerald":1964,"minecraft:diamond_axe":1,"minecraft:crafting_table":3,"minecraft:birch_planks":188,"minecraft:dark_oak_slab":606,"minecraft:paper":6,"minecraft:diamond_pickaxe":3,"minecraft:stick":260,"minecraft:birch_fence":141,"minecraft:iron_block":6,"minecraft:shears":1,"minecraft:golden_carrot":36,"minecraft:bone_meal":45,"minecraft:oak_trapdoor":10,"minecraft:glass_pane":32,"minecraft:lantern":21,"minecraft:ender_pearl":39,"minecraft:diamond_boots":1,"minecraft:dark_oak_planks":882,"minecraft:diamond_sword":2,"minecraft:dark_oak_stairs":152,"minecraft:bucket":1,"minecraft:dark_oak_button":5,"minecraft:glowstone":6,"minecraft:enchanted_book":35,"minecraft:bread":238,"minecraft:air":0,"minecraft:oak_fence_gate":2,"minecraft:white_wool":576,"minecraft:oak_stairs":256,"minecraft:anvil":2,"minecraft:white_bed":6,"minecraft:pumpkin_pie":48,"minecraft:lapis_lazuli":12,"minecraft:diamond_chestplate":1,"minecraft:firework_rocket":6,"minecraft:ender_chest":1},"minecraft:custom":{"minecraft:interact_with_crafting_table":46,"minecraft:open_shulker_box":54,"minecraft:leave_game":7,"minecraft:time_since_death":1551,"minecraft:sprint_one_cm":1884324,"minecraft:drop":850,"minecraft:talked_to_villager":448,"minecraft:play_time":570401,"minecraft:deaths":8,"minecraft:jump":14126,"minecraft:walk_on_water_one_cm":86433,"minecraft:interact_with_furnace":17,"minecraft:traded_with_villager":2179,"minecraft:sleep_in_bed":15,"minecraft:open_enderchest":6,"minecraft:damage_dealt":22977,"minecraft:crouch_one_cm":206882,"minecraft:mob_kills":92,"minecraft:interact_with_anvil":54,"minecraft:walk_one_cm":916016,"minecraft:sneak_time":57429,"minecraft:walk_under_water_one_cm":99924,"minecraft:boat_one_cm":1236,"minecraft:total_world_time":570401,"minecraft:interact_with_grindstone":19,"minecraft:time_since_rest":1580,"minecraft:damage_taken":11624,"minecraft:swim_one_cm":115589,"minecraft:fly_one_cm":2904241,"minecraft:open_chest":122,"minecraft:aviate_one_cm":402117,"minecraft:fall_one_cm":496235},"minecraft:mined":{"minecraft:dark_oak_planks":266,"minecraft:obsidian":58,"minecraft:granite":13,"minecraft:grass_block":1114,"minecraft:spawner":1,"minecraft:tall_seagrass":4,"minecraft:dark_oak_trapdoor":1,"minecraft:iron_ore":5,"minecraft:fire":98,"minecraft:azure_bluet":1,"minecraft:dark_oak_stairs":24,"minecraft:oak_stairs":128,"minecraft:tripwire":8,"minecraft:clay":1,"minecraft:torch":7,"minecraft:poppy":1,"minecraft:glass":19,"minecraft:cobblestone":54,"minecraft:sugar_cane":12,"minecraft:oak_planks":104,"minecraft:wall_torch":5,"minecraft:seagrass":5,"minecraft:dark_oak_slab":104,"minecraft:nether_wart_block":1,"minecraft:birch_log":47,"minecraft:grass":80,"minecraft:oak_log":229,"minecraft:dark_oak_sapling":4,"minecraft:sand":88,"minecraft:dirt":620,"minecraft:smooth_basalt":8,"minecraft:tripwire_hook":1,"minecraft:netherrack":24,"minecraft:piston":6,"minecraft:oak_leaves":20,"minecraft:deepslate":140,"minecraft:tuff":16,"minecraft:dark_oak_leaves":316,"minecraft:deepslate_diamond_ore":9,"minecraft:dark_oak_log":1196,"minecraft:shulker_box":23,"minecraft:end_stone":18,"minecraft:crimson_roots":2,"minecraft:redstone_wire":1,"minecraft:spruce_leaves":1,"minecraft:large_fern":1,"minecraft:oak_trapdoor":9,"minecraft:andesite":18,"minecraft:bookshelf":13,"minecraft:lantern":1,"minecraft:stripped_oak_log":24,"minecraft:stone":1079,"minecraft:white_wool":4,"minecraft:ender_chest":3,"minecraft:oak_slab":9,"minecraft:glass_pane":11,"minecraft:dandelion":2,"minecraft:crafting_table":12,"minecraft:rose_bush":4,"minecraft:tall_grass":18,"minecraft:copper_ore":2,"minecraft:diorite":18,"minecraft:sweet_berry_bush":18,"minecraft:birch_leaves":9,"minecraft:bee_nest":1,"minecraft:coal_ore":8,"minecraft:gravel":12,"minecraft:cracked_stone_bricks":1,"minecraft:stone_bricks":4,"minecraft:birch_fence":18,"minecraft:fern":2},"minecraft:dropped":{"minecraft:clay":2,"minecraft:dark_oak_stairs":6,"minecraft:lapis_lazuli":12,"minecraft:oak_log":7,"minecraft:chorus_fruit":6,"minecraft:dark_oak_sapling":1,"minecraft:dark_oak_slab":269,"minecraft:leather":4,"minecraft:dark_oak_button":5,"minecraft:cracked_stone_bricks":1,"minecraft:flint":6,"minecraft:emerald":256,"minecraft:dirt":528,"minecraft:deepslate_gold_ore":1,"minecraft:birch_fence":2,"minecraft:dark_oak_log":69,"minecraft:crimson_roots":3,"minecraft:sand":66,"minecraft:dark_oak_planks":22,"minecraft:dark_oak_boat":2,"minecraft:white_wool":132,"minecraft:bone":2,"minecraft:gravel":6,"minecraft:sugar_cane":5,"minecraft:cobbled_deepslate":50,"minecraft:obsidian":2,"minecraft:rotten_flesh":27,"minecraft:diamond_shovel":1,"minecraft:blaze_powder":1,"minecraft:golden_shovel":1,"minecraft:salmon":6,"minecraft:carrot":2,"minecraft:poppy":12,"minecraft:gunpowder":8,"minecraft:glowstone":6,"minecraft:chest":1,"minecraft:arrow":126,"minecraft:iron_ore":1,"minecraft:iron_bars":11,"minecraft:glass":7,"minecraft:quartz":1,"minecraft:netherrack":3,"minecraft:egg":1,"minecraft:water_bucket":1,"minecraft:enchanted_book":1,"minecraft:iron_ingot":58,"minecraft:oak_slab":20,"minecraft:wheat_seeds":31,"minecraft:bookshelf":1,"minecraft:diamond_leggings":1,"minecraft:cobblestone":997,"minecraft:apple":3,"minecraft:granite":13,"minecraft:grass_block":1,"minecraft:yellow_carpet":8,"minecraft:coal":5,"minecraft:stick":88,"minecraft:diorite":5,"minecraft:brewing_stand":1,"minecraft:torch":9,"minecraft:diamond_helmet":2,"minecraft:string":1260,"minecraft:bucket":1,"minecraft:dandelion":17,"minecraft:redstone":2,"minecraft:sweet_berries":26,"minecraft:ender_chest":2,"minecraft:raw_copper":4,"minecraft:deepslate":9,"minecraft:tuff":18,"minecraft:raw_iron":6,"minecraft:white_carpet":8,"minecraft:clay_ball":4,"minecraft:glass_pane":7,"minecraft:diamond_sword":2,"minecraft:cobblestone_slab":5,"minecraft:stone":65,"minecraft:diamond_chestplate":1,"minecraft:diamond_pickaxe":1,"minecraft:andesite":15,"minecraft:oak_sapling":5,"minecraft:redstone_torch":2,"minecraft:spider_eye":20,"minecraft:stone_bricks":4,"minecraft:diamond_boots":1,"minecraft:bow":64},"minecraft:killed_by":{"minecraft:creeper":1,"minecraft:zombie":1,"minecraft:iron_golem":5,"minecraft:skeleton":1},"minecraft:killed":{"minecraft:spider":7,"minecraft:skeleton":17,"minecraft:silverfish":3,"minecraft:cat":2,"minecraft:salmon":11,"minecraft:iron_golem":3,"minecraft:creeper":3,"minecraft:trader_llama":2,"minecraft:zombie":15,"minecraft:phantom":2,"minecraft:wandering_trader":2,"minecraft:villager":6,"minecraft:enderman":14},"minecraft:broken":{"minecraft:shears":1,"minecraft:bow":1},"minecraft:picked_up":{"minecraft:shulker_shell":2,"minecraft:ender_chest":5,"minecraft:lead":4,"minecraft:diamond_sword":4,"minecraft:oak_stairs":194,"minecraft:golden_shovel":1,"minecraft:brewing_stand":1,"minecraft:string":29927,"minecraft:dark_oak_trapdoor":2,"minecraft:raw_copper":4,"minecraft:diamond_leggings":2,"minecraft:cobbled_deepslate":91,"minecraft:bucket":1,"minecraft:dark_oak_leaves":260,"minecraft:redstone_torch":2,"minecraft:rose_bush":3,"minecraft:cobblestone_slab":15,"minecraft:ender_eye":1,"minecraft:stick":59,"minecraft:torch":47,"minecraft:diorite":33,"minecraft:rotten_flesh":33,"minecraft:bookshelf":2,"minecraft:obsidian":77,"minecraft:iron_bars":11,"minecraft:cobblestone":1277,"minecraft:birch_log":47,"minecraft:water_bucket":2,"minecraft:andesite":15,"minecraft:dark_oak_boat":4,"minecraft:flint":6,"minecraft:tuff":36,"minecraft:lantern":3,"minecraft:dirt":1310,"minecraft:glass":12,"minecraft:bone":87,"minecraft:bow":82,"minecraft:wheat_seeds":32,"minecraft:diamond_helmet":3,"minecraft:oak_planks":138,"minecraft:sand":74,"minecraft:grass_block":1,"minecraft:dark_oak_log":1250,"minecraft:shulker_box":24,"minecraft:yellow_carpet":8,"minecraft:clay":3,"minecraft:diamond":37,"minecraft:deepslate":51,"minecraft:lever":2,"minecraft:deepslate_gold_ore":2,"minecraft:granite":13,"minecraft:bread":41,"minecraft:emerald":133,"minecraft:chorus_fruit":6,"minecraft:oak_sapling":7,"minecraft:netherrack":149,"minecraft:crimson_roots":3,"minecraft:diamond_pickaxe":3,"minecraft:crafting_table":15,"minecraft:bee_nest":2,"minecraft:clay_ball":4,"minecraft:oak_trapdoor":9,"minecraft:elytra":2,"minecraft:white_carpet":8,"minecraft:birch_fence":18,"minecraft:glass_pane":6,"minecraft:cracked_stone_bricks":1,"minecraft:poppy":15,"minecraft:sugar_cane":14,"minecraft:chest":2,"minecraft:piston":63,"minecraft:phantom_membrane":6,"minecraft:egg":2,"minecraft:dark_oak_sapling":49,"minecraft:raw_iron":6,"minecraft:end_stone":23,"minecraft:stone":94,"minecraft:carrot":2,"minecraft:redstone":3,"minecraft:dark_oak_planks":291,"minecraft:arrow":151,"minecraft:diamond_chestplate":2,"minecraft:diamond_boots":2,"minecraft:white_wool":69,"minecraft:stripped_oak_log":24,"minecraft:dark_oak_button":5,"minecraft:golden_carrot":16,"minecraft:tripwire_hook":4,"minecraft:salmon":15,"minecraft:leather":4,"minecraft:oak_log":236,"minecraft:gunpowder":8,"minecraft:apple":6,"minecraft:stone_bricks":4,"minecraft:iron_ingot":20,"minecraft:iron_ore":1,"minecraft:dark_oak_stairs":149,"minecraft:book":39,"minecraft:oak_slab":20,"minecraft:smooth_basalt":19,"minecraft:dark_oak_slab":655,"minecraft:sweet_berries":109,"minecraft:quartz":1,"minecraft:dandelion":18,"minecraft:gravel":8,"minecraft:white_bed":1,"minecraft:dragon_egg":3,"minecraft:spider_eye":18,"minecraft:diamond_shovel":3,"minecraft:diamond_axe":2,"minecraft:coal":5,"minecraft:ender_pearl":29}},"DataVersion":3465}