{"stats":{"minecraft:picked_up":{"minecraft:crafting_table":1,"minecraft:clay_ball":4,"minecraft:diamond_sword":3,"minecraft:oak_stairs":1,"minecraft:golden_shovel":1,"minecraft:brewing_stand":1,"minecraft:string":28427,"minecraft:cracked_stone_bricks":1,"minecraft:diamond_leggings":1,"minecraft:cobbled_deepslate":91,"minecraft:cobblestone_slab":15,"minecraft:rose_bush":3,"minecraft:ender_eye":1,"minecraft:poppy":8,"minecraft:egg":2,"minecraft:end_stone":9,"minecraft:dark_oak_sapling":1,"minecraft:stick":1,"minecraft:stone":68,"minecraft:torch":2,"minecraft:diorite":32,"minecraft:dark_oak_planks":3,"minecraft:arrow":75,"minecraft:rotten_flesh":1,"minecraft:diamond_chestplate":1,"minecraft:diamond_boots":1,"minecraft:bookshelf":2,"minecraft:obsidian":27,"minecraft:iron_bars":11,"minecraft:white_wool":69,"minecraft:cobblestone":140,"minecraft:andesite":15,"minecraft:salmon":15,"minecraft:dark_oak_boat":4,"minecraft:flint":2,"minecraft:tuff":36,"minecraft:oak_log":7,"minecraft:dirt":307,"minecraft:bone":8,"minecraft:stone_bricks":4,"minecraft:bow":78,"minecraft:wheat_seeds":7,"minecraft:iron_ingot":20,"minecraft:iron_ore":1,"minecraft:diamond_helmet":2,"minecraft:book":39,"minecraft:oak_slab":2,"minecraft:smooth_basalt":19,"minecraft:dark_oak_slab":4,"minecraft:sweet_berries":106,"minecraft:quartz":1,"minecraft:gravel":6,"minecraft:dragon_egg":1,"minecraft:dark_oak_log":136,"minecraft:diamond_shovel":2,"minecraft:clay":3,"minecraft:diamond":19,"minecraft:deepslate":51,"minecraft:deepslate_gold_ore":2,"minecraft:granite":13,"minecraft:diamond_axe":1,"minecraft:emerald":133,"minecraft:bread":8,"minecraft:coal":5,"minecraft:netherrack":149,"minecraft:crimson_roots":3,"minecraft:ender_pearl":19,"minecraft:diamond_pickaxe":1},"minecraft:broken":{"minecraft:bow":1},"minecraft:killed":{"minecraft:skeleton":1,"minecraft:silverfish":3,"minecraft:cat":2,"minecraft:salmon":11,"minecraft:iron_golem":3,"minecraft:creeper":1,"minecraft:zombie":2,"minecraft:enderman":9},"minecraft:custom":{"minecraft:mob_kills":32,"minecraft:interact_with_anvil":54,"minecraft:interact_with_crafting_table":15,"minecraft:leave_game":4,"minecraft:time_since_death":151817,"minecraft:sprint_one_cm":601034,"minecraft:walk_one_cm":303815,"minecraft:drop":314,"minecraft:talked_to_villager":416,"minecraft:play_time":190640,"minecraft:deaths":6,"minecraft:sneak_time":6948,"minecraft:walk_under_water_one_cm":21716,"minecraft:boat_one_cm":1236,"minecraft:jump":5171,"minecraft:walk_on_water_one_cm":31242,"minecraft:total_world_time":190640,"minecraft:interact_with_furnace":4,"minecraft:traded_with_villager":2066,"minecraft:interact_with_grindstone":19,"minecraft:sleep_in_bed":9,"minecraft:time_since_rest":70326,"minecraft:damage_taken":4904,"minecraft:damage_dealt":9055,"minecraft:swim_one_cm":70053,"minecraft:fly_one_cm":1234902,"minecraft:open_chest":97,"minecraft:crouch_one_cm":32627,"minecraft:fall_one_cm":162283},"minecraft:crafted":{"minecraft:dark_oak_boat":1,"minecraft:diamond_shovel":1,"minecraft:bookshelf":13,"minecraft:diamond_helmet":1,"minecraft:bow":2,"minecraft:diamond_leggings":1,"minecraft:ender_pearl":39,"minecraft:diamond_boots":1,"minecraft:dark_oak_planks":32,"minecraft:diamond_sword":2,"minecraft:arrow":192,"minecraft:emerald":1895,"minecraft:diamond_axe":1,"minecraft:crafting_table":1,"minecraft:bucket":1,"minecraft:glowstone":6,"minecraft:enchanted_book":35,"minecraft:bread":174,"minecraft:air":0,"minecraft:white_wool":576,"minecraft:diamond_pickaxe":3,"minecraft:iron_block":6,"minecraft:anvil":2,"minecraft:white_bed":6,"minecraft:pumpkin_pie":48,"minecraft:shears":1,"minecraft:lapis_lazuli":12,"minecraft:diamond_chestplate":1},"minecraft:used":{"minecraft:rose_bush":3,"minecraft:stone":29,"minecraft:deepslate_gold_ore":1,"minecraft:netherrack":146,"minecraft:torch":2,"minecraft:dirt":244,"minecraft:anvil":2,"minecraft:diamond_helmet":2,"minecraft:tuff":18,"minecraft:lava_bucket":14,"minecraft:bookshelf":14,"minecraft:smooth_basalt":19,"minecraft:diamond_chestplate":3,"minecraft:bow":37,"minecraft:dark_oak_boat":2,"minecraft:sweet_berries":21,"minecraft:egg":1,"minecraft:potato":18,"minecraft:cobbled_deepslate":41,"minecraft:water_bucket":30,"minecraft:diorite":27,"minecraft:diamond_boots":1,"minecraft:ender_pearl":23,"minecraft:diamond_axe":168,"minecraft:clay":1,"minecraft:salmon":9,"minecraft:white_wool":98,"minecraft:crafting_table":2,"minecraft:white_bed":4,"minecraft:end_stone":4,"minecraft:shears":3,"minecraft:ender_eye":1,"minecraft:diamond_pickaxe":471,"minecraft:diamond_shovel":211,"minecraft:bread":54,"minecraft:string":6,"minecraft:deepslate":42,"minecraft:gravel":1,"minecraft:diamond_sword":148,"minecraft:cobblestone":60,"minecraft:bucket":45,"minecraft:pumpkin_pie":24,"minecraft:diamond_leggings":2},"minecraft:mined":{"minecraft:tuff":16,"minecraft:dark_oak_leaves":4,"minecraft:deepslate_diamond_ore":9,"minecraft:dark_oak_log":141,"minecraft:end_stone":4,"minecraft:obsidian":28,"minecraft:granite":13,"minecraft:grass_block":40,"minecraft:crimson_roots":2,"minecraft:spruce_leaves":1,"minecraft:spawner":1,"minecraft:large_fern":1,"minecraft:tall_seagrass":4,"minecraft:fire":15,"minecraft:andesite":18,"minecraft:bookshelf":13,"minecraft:oak_stairs":1,"minecraft:stone":165,"minecraft:white_wool":4,"minecraft:tripwire":1,"minecraft:crafting_table":1,"minecraft:clay":1,"minecraft:rose_bush":4,"minecraft:copper_ore":1,"minecraft:tall_grass":3,"minecraft:diorite":17,"minecraft:wall_torch":2,"minecraft:seagrass":4,"minecraft:nether_wart_block":1,"minecraft:sweet_berry_bush":18,"minecraft:birch_leaves":7,"minecraft:grass":16,"minecraft:coal_ore":8,"minecraft:gravel":10,"minecraft:dirt":195,"minecraft:cracked_stone_bricks":1,"minecraft:smooth_basalt":8,"minecraft:stone_bricks":4,"minecraft:netherrack":24,"minecraft:deepslate":140,"minecraft:oak_leaves":5,"minecraft:fern":2},"minecraft:killed_by":{"minecraft:creeper":1,"minecraft:iron_golem":3,"minecraft:skeleton":1,"minecraft:zombie":1},"minecraft:dropped":{"minecraft:enchanted_book":1,"minecraft:iron_ingot":12,"minecraft:clay":2,"minecraft:oak_slab":2,"minecraft:wheat_seeds":6,"minecraft:lapis_lazuli":12,"minecraft:oak_log":7,"minecraft:bookshelf":1,"minecraft:dark_oak_sapling":1,"minecraft:diamond_leggings":1,"minecraft:dark_oak_slab":2,"minecraft:cobblestone":79,"minecraft:granite":13,"minecraft:cracked_stone_bricks":1,"minecraft:coal":5,"minecraft:flint":2,"minecraft:emerald":254,"minecraft:dirt":63,"minecraft:deepslate_gold_ore":1,"minecraft:diorite":5,"minecraft:brewing_stand":1,"minecraft:crimson_roots":3,"minecraft:diamond_helmet":2,"minecraft:string":454,"minecraft:dark_oak_planks":3,"minecraft:dark_oak_boat":2,"minecraft:white_wool":65,"minecraft:gravel":4,"minecraft:sweet_berries":26,"minecraft:cobbled_deepslate":50,"minecraft:deepslate":9,"minecraft:tuff":18,"minecraft:obsidian":2,"minecraft:rotten_flesh":1,"minecraft:clay_ball":4,"minecraft:diamond_shovel":1,"minecraft:golden_shovel":1,"minecraft:salmon":6,"minecraft:diamond_sword":2,"minecraft:poppy":6,"minecraft:cobblestone_slab":5,"minecraft:stone":39,"minecraft:diamond_chestplate":1,"minecraft:diamond_pickaxe":1,"minecraft:andesite":15,"minecraft:glowstone":6,"minecraft:iron_bars":11,"minecraft:stone_bricks":4,"minecraft:diamond_boots":1,"minecraft:iron_ore":1,"minecraft:arrow":73,"minecraft:bow":62,"minecraft:quartz":1,"minecraft:netherrack":3,"minecraft:egg":1}},"DataVersion":3465}