{"stats":{"minecraft:killed_by":{"minecraft:skeleton":1,"minecraft:creeper":1,"minecraft:zombie":1},"minecraft:used":{"minecraft:rose_bush":3,"minecraft:bookshelf":1,"minecraft:diamond_shovel":121,"minecraft:bread":12,"minecraft:diamond_chestplate":1,"minecraft:diamond_sword":4,"minecraft:dirt":188,"minecraft:sweet_berries":1,"minecraft:diamond_helmet":1,"minecraft:egg":1},"minecraft:crafted":{"minecraft:emerald":241,"minecraft:diamond_sword":1,"minecraft:diamond_helmet":1,"minecraft:diamond_leggings":1,"minecraft:diamond_pickaxe":1,"minecraft:diamond_axe":1,"minecraft:diamond_boots":1,"minecraft:diamond_shovel":1,"minecraft:air":0,"minecraft:diamond_chestplate":1},"minecraft:dropped":{"minecraft:iron_ingot":1,"minecraft:sweet_berries":2,"minecraft:bookshelf":1,"minecraft:obsidian":1,"minecraft:dark_oak_slab":1,"minecraft:dark_oak_planks":3,"minecraft:emerald":64},"minecraft:mined":{"minecraft:seagrass":2,"minecraft:tall_seagrass":3,"minecraft:sweet_berry_bush":1,"minecraft:birch_leaves":6,"minecraft:grass":5,"minecraft:bookshelf":1,"minecraft:grass_block":20,"minecraft:oak_stairs":1,"minecraft:rose_bush":4,"minecraft:gravel":2,"minecraft:dirt":128,"minecraft:spruce_leaves":1,"minecraft:oak_leaves":1},"minecraft:picked_up":{"minecraft:stick":1,"minecraft:dark_oak_slab":1,"minecraft:sweet_berries":3,"minecraft:oak_stairs":1,"minecraft:gravel":1,"minecraft:string":3842,"minecraft:dirt":241,"minecraft:dark_oak_planks":3,"minecraft:wheat_seeds":1,"minecraft:iron_ingot":1,"minecraft:bookshelf":2,"minecraft:emerald":32,"minecraft:rose_bush":3,"minecraft:bread":8,"minecraft:poppy":2,"minecraft:obsidian":1,"minecraft:white_wool":1,"minecraft:cobblestone":1,"minecraft:egg":1},"minecraft:custom":{"minecraft:time_since_rest":138,"minecraft:sprint_one_cm":98982,"minecraft:damage_taken":1230,"minecraft:walk_one_cm":78444,"minecraft:drop":10,"minecraft:damage_dealt":435,"minecraft:traded_with_villager":249,"minecraft:swim_one_cm":20888,"minecraft:talked_to_villager":41,"minecraft:fly_one_cm":172347,"minecraft:open_chest":18,"minecraft:crouch_one_cm":7205,"minecraft:play_time":31597,"minecraft:deaths":3,"minecraft:sneak_time":1734,"minecraft:walk_under_water_one_cm":2637,"minecraft:jump":1115,"minecraft:interact_with_grindstone":1,"minecraft:leave_game":2,"minecraft:time_since_death":0,"minecraft:walk_on_water_one_cm":6577,"minecraft:total_world_time":31597,"minecraft:fall_one_cm":41539}},"DataVersion":3465}