{"stats":{"minecraft:killed_by":{"minecraft:skeleton":1,"minecraft:creeper":1,"minecraft:zombie":1,"minecraft:iron_golem":3},"minecraft:killed":{"minecraft:cat":2},"minecraft:used":{"minecraft:rose_bush":3,"minecraft:diamond_boots":1,"minecraft:torch":1,"minecraft:dirt":190,"minecraft:diamond_helmet":2,"minecraft:diamond_shovel":124,"minecraft:bookshelf":3,"minecraft:bread":17,"minecraft:diamond_chestplate":3,"minecraft:diamond_sword":30,"minecraft:bow":2,"minecraft:dark_oak_boat":1,"minecraft:sweet_berries":21,"minecraft:egg":1,"minecraft:diamond_leggings":2},"minecraft:crafted":{"minecraft:diamond_sword":1,"minecraft:emerald":548,"minecraft:diamond_axe":1,"minecraft:diamond_shovel":1,"minecraft:bookshelf":2,"minecraft:glowstone":6,"minecraft:enchanted_book":3,"minecraft:bread":78,"minecraft:air":0,"minecraft:diamond_helmet":1,"minecraft:diamond_leggings":1,"minecraft:diamond_pickaxe":1,"minecraft:diamond_boots":1,"minecraft:lapis_lazuli":12,"minecraft:diamond_chestplate":1},"minecraft:dropped":{"minecraft:enchanted_book":1,"minecraft:iron_ingot":1,"minecraft:oak_slab":2,"minecraft:sweet_berries":11,"minecraft:wheat_seeds":1,"minecraft:lapis_lazuli":12,"minecraft:oak_log":7,"minecraft:cobbled_deepslate":3,"minecraft:bookshelf":1,"minecraft:diamond_leggings":1,"minecraft:obsidian":1,"minecraft:dark_oak_slab":2,"minecraft:diamond_shovel":1,"minecraft:golden_shovel":1,"minecraft:emerald":192,"minecraft:diamond_sword":1,"minecraft:cobblestone_slab":5,"minecraft:brewing_stand":1,"minecraft:diamond_chestplate":1,"minecraft:diamond_pickaxe":1,"minecraft:glowstone":6,"minecraft:diamond_helmet":2,"minecraft:diamond_boots":1,"minecraft:arrow":68,"minecraft:bow":60,"minecraft:string":133,"minecraft:dark_oak_planks":3,"minecraft:dark_oak_boat":2},"minecraft:mined":{"minecraft:grass_block":22,"minecraft:rose_bush":4,"minecraft:spruce_leaves":1,"minecraft:wall_torch":1,"minecraft:large_fern":1,"minecraft:seagrass":3,"minecraft:tall_seagrass":3,"minecraft:sweet_berry_bush":18,"minecraft:birch_leaves":6,"minecraft:grass":13,"minecraft:bookshelf":2,"minecraft:oak_stairs":1,"minecraft:gravel":2,"minecraft:dirt":128,"minecraft:oak_leaves":1,"minecraft:fern":2},"minecraft:picked_up":{"minecraft:dark_oak_boat":3,"minecraft:diamond_sword":2,"minecraft:oak_stairs":1,"minecraft:golden_shovel":1,"minecraft:oak_log":7,"minecraft:brewing_stand":1,"minecraft:string":8190,"minecraft:dirt":243,"minecraft:bow":76,"minecraft:diamond_leggings":1,"minecraft:wheat_seeds":2,"minecraft:cobbled_deepslate":3,"minecraft:iron_ingot":1,"minecraft:rose_bush":3,"minecraft:cobblestone_slab":15,"minecraft:poppy":2,"minecraft:diamond_helmet":2,"minecraft:egg":1,"minecraft:book":6,"minecraft:oak_slab":2,"minecraft:stick":1,"minecraft:dark_oak_slab":4,"minecraft:sweet_berries":91,"minecraft:torch":1,"minecraft:gravel":1,"minecraft:dark_oak_planks":3,"minecraft:arrow":69,"minecraft:diamond_shovel":2,"minecraft:diamond_chestplate":1,"minecraft:diamond_boots":1,"minecraft:diamond_axe":1,"minecraft:emerald":72,"minecraft:bread":8,"minecraft:bookshelf":2,"minecraft:obsidian":1,"minecraft:white_wool":1,"minecraft:cobblestone":1,"minecraft:diamond_pickaxe":1},"minecraft:custom":{"minecraft:interact_with_anvil":6,"minecraft:mob_kills":2,"minecraft:traded_with_villager":592,"minecraft:interact_with_crafting_table":2,"minecraft:interact_with_grindstone":14,"minecraft:leave_game":2,"minecraft:time_since_death":18359,"minecraft:sleep_in_bed":2,"minecraft:time_since_rest":3096,"minecraft:sprint_one_cm":189235,"minecraft:walk_one_cm":125030,"minecraft:damage_taken":2491,"minecraft:drop":107,"minecraft:damage_dealt":1194,"minecraft:swim_one_cm":23647,"minecraft:talked_to_villager":137,"minecraft:fly_one_cm":311980,"minecraft:open_chest":37,"minecraft:crouch_one_cm":12161,"minecraft:play_time":57182,"minecraft:deaths":6,"minecraft:sneak_time":2314,"minecraft:walk_under_water_one_cm":3145,"minecraft:boat_one_cm":1236,"minecraft:jump":1763,"minecraft:walk_on_water_one_cm":8988,"minecraft:total_world_time":57182,"minecraft:fall_one_cm":59530}},"DataVersion":3465}