{"stats":{"minecraft:used":{"minecraft:poppy":1,"minecraft:elytra":1,"minecraft:stone":29,"minecraft:tuff":18,"minecraft:glass":20,"minecraft:lava_bucket":14,"minecraft:dark_oak_slab":356,"minecraft:bow":37,"minecraft:dark_oak_boat":3,"minecraft:sweet_berries":24,"minecraft:egg":1,"minecraft:potato":18,"minecraft:dark_oak_sapling":18,"minecraft:diorite":28,"minecraft:diamond_boots":1,"minecraft:ender_pearl":40,"minecraft:diamond_axe":1411,"minecraft:clay":1,"minecraft:white_wool":160,"minecraft:shears":4,"minecraft:end_stone":23,"minecraft:birch_fence":56,"minecraft:firework_rocket":6,"minecraft:dark_oak_log":599,"minecraft:bread":147,"minecraft:string":63,"minecraft:deepslate":42,"minecraft:gravel":1,"minecraft:diamond_sword":260,"minecraft:bone_meal":29,"minecraft:rose_bush":3,"minecraft:deepslate_gold_ore":1,"minecraft:netherrack":146,"minecraft:torch":31,"minecraft:dragon_egg":1,"minecraft:dirt":646,"minecraft:anvil":2,"minecraft:diamond_helmet":2,"minecraft:shulker_box":17,"minecraft:dark_oak_planks":442,"minecraft:bookshelf":14,"minecraft:oak_stairs":3,"minecraft:smooth_basalt":19,"minecraft:diamond_chestplate":4,"minecraft:cobbled_deepslate":41,"minecraft:water_bucket":194,"minecraft:salmon":9,"minecraft:crafting_table":5,"minecraft:white_bed":5,"minecraft:oak_log":12,"minecraft:piston":35,"minecraft:ender_eye":1,"minecraft:diamond_pickaxe":1479,"minecraft:diamond_shovel":1738,"minecraft:cobblestone":334,"minecraft:bucket":209,"minecraft:pumpkin_pie":24,"minecraft:stripped_oak_log":6,"minecraft:diamond_leggings":2},"minecraft:crafted":{"minecraft:oak_planks":48,"minecraft:dark_oak_boat":3,"minecraft:blaze_powder":2,"minecraft:diamond_shovel":1,"minecraft:bookshelf":13,"minecraft:shulker_box":1,"minecraft:diamond_helmet":1,"minecraft:diamond_leggings":1,"minecraft:bow":2,"minecraft:chest":1,"minecraft:ender_eye":1,"minecraft:arrow":192,"minecraft:emerald":1943,"minecraft:diamond_axe":1,"minecraft:crafting_table":1,"minecraft:birch_planks":188,"minecraft:dark_oak_slab":222,"minecraft:paper":6,"minecraft:diamond_pickaxe":3,"minecraft:stick":96,"minecraft:birch_fence":141,"minecraft:iron_block":6,"minecraft:shears":1,"minecraft:bone_meal":45,"minecraft:ender_pearl":39,"minecraft:diamond_boots":1,"minecraft:dark_oak_planks":616,"minecraft:diamond_sword":2,"minecraft:bucket":1,"minecraft:dark_oak_button":5,"minecraft:glowstone":6,"minecraft:enchanted_book":35,"minecraft:bread":174,"minecraft:air":0,"minecraft:white_wool":576,"minecraft:anvil":2,"minecraft:white_bed":6,"minecraft:pumpkin_pie":48,"minecraft:lapis_lazuli":12,"minecraft:diamond_chestplate":1,"minecraft:firework_rocket":6},"minecraft:custom":{"minecraft:interact_with_crafting_table":31,"minecraft:open_shulker_box":43,"minecraft:leave_game":7,"minecraft:time_since_death":351487,"minecraft:sprint_one_cm":1367184,"minecraft:drop":747,"minecraft:talked_to_villager":422,"minecraft:play_time":390401,"minecraft:deaths":6,"minecraft:jump":10349,"minecraft:walk_on_water_one_cm":55622,"minecraft:interact_with_furnace":12,"minecraft:traded_with_villager":2114,"minecraft:sleep_in_bed":13,"minecraft:damage_dealt":14592,"minecraft:crouch_one_cm":126958,"minecraft:mob_kills":56,"minecraft:interact_with_anvil":54,"minecraft:walk_one_cm":647448,"minecraft:sneak_time":34492,"minecraft:walk_under_water_one_cm":50974,"minecraft:boat_one_cm":1236,"minecraft:total_world_time":390401,"minecraft:interact_with_grindstone":19,"minecraft:time_since_rest":37627,"minecraft:damage_taken":8263,"minecraft:swim_one_cm":100983,"minecraft:fly_one_cm":2208046,"minecraft:open_chest":118,"minecraft:aviate_one_cm":325580,"minecraft:fall_one_cm":345635},"minecraft:mined":{"minecraft:dark_oak_planks":225,"minecraft:obsidian":32,"minecraft:granite":13,"minecraft:grass_block":1100,"minecraft:spawner":1,"minecraft:tall_seagrass":4,"minecraft:dark_oak_trapdoor":1,"minecraft:iron_ore":5,"minecraft:fire":15,"minecraft:azure_bluet":1,"minecraft:oak_stairs":14,"minecraft:tripwire":8,"minecraft:clay":1,"minecraft:torch":5,"minecraft:glass":19,"minecraft:cobblestone":53,"minecraft:sugar_cane":5,"minecraft:oak_planks":1,"minecraft:wall_torch":3,"minecraft:seagrass":5,"minecraft:dark_oak_slab":93,"minecraft:nether_wart_block":1,"minecraft:birch_log":47,"minecraft:grass":50,"minecraft:oak_log":36,"minecraft:dark_oak_sapling":2,"minecraft:sand":88,"minecraft:dirt":541,"minecraft:smooth_basalt":8,"minecraft:tripwire_hook":1,"minecraft:netherrack":24,"minecraft:piston":6,"minecraft:oak_leaves":7,"minecraft:deepslate":140,"minecraft:tuff":16,"minecraft:dark_oak_leaves":30,"minecraft:deepslate_diamond_ore":9,"minecraft:dark_oak_log":907,"minecraft:shulker_box":17,"minecraft:end_stone":18,"minecraft:crimson_roots":2,"minecraft:spruce_leaves":1,"minecraft:large_fern":1,"minecraft:oak_trapdoor":2,"minecraft:andesite":18,"minecraft:bookshelf":13,"minecraft:stripped_oak_log":6,"minecraft:stone":1052,"minecraft:white_wool":4,"minecraft:dandelion":2,"minecraft:crafting_table":4,"minecraft:rose_bush":4,"minecraft:tall_grass":9,"minecraft:copper_ore":2,"minecraft:diorite":18,"minecraft:sweet_berry_bush":18,"minecraft:birch_leaves":9,"minecraft:bee_nest":1,"minecraft:coal_ore":8,"minecraft:gravel":12,"minecraft:cracked_stone_bricks":1,"minecraft:stone_bricks":4,"minecraft:birch_fence":15,"minecraft:fern":2},"minecraft:dropped":{"minecraft:clay":2,"minecraft:lapis_lazuli":12,"minecraft:oak_log":7,"minecraft:chorus_fruit":6,"minecraft:dark_oak_sapling":1,"minecraft:dark_oak_slab":2,"minecraft:leather":4,"minecraft:dark_oak_button":5,"minecraft:cracked_stone_bricks":1,"minecraft:flint":6,"minecraft:emerald":254,"minecraft:dirt":496,"minecraft:deepslate_gold_ore":1,"minecraft:dark_oak_log":64,"minecraft:crimson_roots":3,"minecraft:sand":45,"minecraft:dark_oak_planks":15,"minecraft:dark_oak_boat":2,"minecraft:white_wool":129,"minecraft:gravel":6,"minecraft:cobbled_deepslate":50,"minecraft:obsidian":2,"minecraft:rotten_flesh":15,"minecraft:diamond_shovel":1,"minecraft:golden_shovel":1,"minecraft:salmon":6,"minecraft:carrot":2,"minecraft:poppy":12,"minecraft:gunpowder":4,"minecraft:glowstone":6,"minecraft:chest":1,"minecraft:arrow":73,"minecraft:iron_ore":1,"minecraft:iron_bars":11,"minecraft:quartz":1,"minecraft:netherrack":3,"minecraft:egg":1,"minecraft:enchanted_book":1,"minecraft:iron_ingot":58,"minecraft:oak_slab":2,"minecraft:wheat_seeds":26,"minecraft:bookshelf":1,"minecraft:diamond_leggings":1,"minecraft:cobblestone":994,"minecraft:apple":2,"minecraft:granite":13,"minecraft:grass_block":1,"minecraft:coal":5,"minecraft:stick":14,"minecraft:diorite":5,"minecraft:brewing_stand":1,"minecraft:torch":1,"minecraft:diamond_helmet":2,"minecraft:string":1191,"minecraft:bucket":1,"minecraft:dandelion":15,"minecraft:redstone":2,"minecraft:sweet_berries":26,"minecraft:raw_copper":4,"minecraft:deepslate":9,"minecraft:tuff":18,"minecraft:raw_iron":6,"minecraft:clay_ball":4,"minecraft:diamond_sword":2,"minecraft:cobblestone_slab":5,"minecraft:stone":39,"minecraft:diamond_chestplate":1,"minecraft:diamond_pickaxe":1,"minecraft:andesite":15,"minecraft:oak_sapling":5,"minecraft:redstone_torch":2,"minecraft:spider_eye":6,"minecraft:stone_bricks":4,"minecraft:diamond_boots":1,"minecraft:bow":62},"minecraft:killed_by":{"minecraft:creeper":1,"minecraft:zombie":1,"minecraft:iron_golem":3,"minecraft:skeleton":1},"minecraft:killed":{"minecraft:spider":2,"minecraft:skeleton":2,"minecraft:silverfish":3,"minecraft:cat":2,"minecraft:salmon":11,"minecraft:iron_golem":3,"minecraft:creeper":2,"minecraft:trader_llama":2,"minecraft:zombie":8,"minecraft:phantom":2,"minecraft:wandering_trader":2,"minecraft:enderman":14},"minecraft:broken":{"minecraft:bow":1},"minecraft:picked_up":{"minecraft:shulker_shell":2,"minecraft:lead":4,"minecraft:diamond_sword":3,"minecraft:oak_stairs":11,"minecraft:golden_shovel":1,"minecraft:brewing_stand":1,"minecraft:string":29615,"minecraft:dark_oak_trapdoor":2,"minecraft:raw_copper":4,"minecraft:diamond_leggings":1,"minecraft:cobbled_deepslate":91,"minecraft:bucket":1,"minecraft:redstone_torch":2,"minecraft:rose_bush":3,"minecraft:cobblestone_slab":15,"minecraft:ender_eye":1,"minecraft:stick":13,"minecraft:torch":32,"minecraft:diorite":33,"minecraft:rotten_flesh":16,"minecraft:bookshelf":2,"minecraft:obsidian":30,"minecraft:iron_bars":11,"minecraft:cobblestone":1273,"minecraft:birch_log":47,"minecraft:andesite":15,"minecraft:dark_oak_boat":4,"minecraft:flint":6,"minecraft:tuff":36,"minecraft:dirt":1225,"minecraft:glass":8,"minecraft:bone":17,"minecraft:bow":78,"minecraft:wheat_seeds":27,"minecraft:diamond_helmet":2,"minecraft:oak_planks":1,"minecraft:sand":60,"minecraft:grass_block":1,"minecraft:dark_oak_log":899,"minecraft:shulker_box":17,"minecraft:clay":3,"minecraft:diamond":19,"minecraft:deepslate":51,"minecraft:lever":2,"minecraft:deepslate_gold_ore":2,"minecraft:granite":13,"minecraft:bread":8,"minecraft:emerald":133,"minecraft:chorus_fruit":6,"minecraft:oak_sapling":5,"minecraft:netherrack":149,"minecraft:crimson_roots":3,"minecraft:diamond_pickaxe":1,"minecraft:crafting_table":5,"minecraft:bee_nest":1,"minecraft:clay_ball":4,"minecraft:oak_trapdoor":2,"minecraft:elytra":1,"minecraft:birch_fence":15,"minecraft:cracked_stone_bricks":1,"minecraft:poppy":15,"minecraft:sugar_cane":9,"minecraft:chest":2,"minecraft:piston":63,"minecraft:phantom_membrane":6,"minecraft:egg":2,"minecraft:dark_oak_sapling":19,"minecraft:raw_iron":6,"minecraft:end_stone":23,"minecraft:stone":70,"minecraft:carrot":2,"minecraft:redstone":2,"minecraft:dark_oak_planks":229,"minecraft:arrow":86,"minecraft:diamond_chestplate":1,"minecraft:diamond_boots":1,"minecraft:white_wool":69,"minecraft:stripped_oak_log":6,"minecraft:dark_oak_button":5,"minecraft:tripwire_hook":4,"minecraft:salmon":15,"minecraft:leather":4,"minecraft:oak_log":43,"minecraft:gunpowder":4,"minecraft:apple":3,"minecraft:stone_bricks":4,"minecraft:iron_ingot":20,"minecraft:iron_ore":1,"minecraft:book":39,"minecraft:oak_slab":2,"minecraft:smooth_basalt":19,"minecraft:dark_oak_slab":147,"minecraft:sweet_berries":109,"minecraft:quartz":1,"minecraft:dandelion":15,"minecraft:gravel":8,"minecraft:dragon_egg":2,"minecraft:spider_eye":4,"minecraft:diamond_shovel":2,"minecraft:diamond_axe":1,"minecraft:coal":5,"minecraft:ender_pearl":29}},"DataVersion":3465}