{"stats":{"minecraft:killed_by":{"minecraft:creeper":1,"minecraft:iron_golem":3,"minecraft:skeleton":1,"minecraft:zombie":1},"minecraft:killed":{"minecraft:spider":2,"minecraft:skeleton":1,"minecraft:silverfish":3,"minecraft:cat":2,"minecraft:salmon":11,"minecraft:iron_golem":3,"minecraft:wandering_trader":1,"minecraft:creeper":2,"minecraft:trader_llama":2,"minecraft:zombie":3,"minecraft:enderman":13},"minecraft:used":{"minecraft:rose_bush":3,"minecraft:elytra":1,"minecraft:poppy":1,"minecraft:stone":29,"minecraft:deepslate_gold_ore":1,"minecraft:netherrack":146,"minecraft:torch":31,"minecraft:dragon_egg":1,"minecraft:anvil":2,"minecraft:dirt":643,"minecraft:diamond_helmet":2,"minecraft:shulker_box":15,"minecraft:tuff":18,"minecraft:glass":12,"minecraft:lava_bucket":14,"minecraft:bookshelf":14,"minecraft:smooth_basalt":19,"minecraft:diamond_chestplate":4,"minecraft:bow":37,"minecraft:dark_oak_boat":3,"minecraft:sweet_berries":24,"minecraft:egg":1,"minecraft:potato":18,"minecraft:cobbled_deepslate":41,"minecraft:dark_oak_sapling":4,"minecraft:water_bucket":118,"minecraft:diorite":28,"minecraft:diamond_boots":1,"minecraft:ender_pearl":39,"minecraft:diamond_axe":524,"minecraft:clay":1,"minecraft:white_wool":160,"minecraft:salmon":9,"minecraft:crafting_table":3,"minecraft:white_bed":5,"minecraft:end_stone":23,"minecraft:shears":4,"minecraft:piston":35,"minecraft:ender_eye":1,"minecraft:diamond_pickaxe":1460,"minecraft:firework_rocket":6,"minecraft:diamond_shovel":1706,"minecraft:string":63,"minecraft:bread":98,"minecraft:deepslate":42,"minecraft:gravel":1,"minecraft:diamond_sword":214,"minecraft:cobblestone":334,"minecraft:bone_meal":10,"minecraft:diamond_leggings":2,"minecraft:pumpkin_pie":24,"minecraft:bucket":133},"minecraft:broken":{"minecraft:bow":1},"minecraft:crafted":{"minecraft:dark_oak_boat":3,"minecraft:bone_meal":45,"minecraft:diamond_shovel":1,"minecraft:bookshelf":13,"minecraft:shulker_box":1,"minecraft:bow":2,"minecraft:diamond_helmet":1,"minecraft:diamond_leggings":1,"minecraft:ender_pearl":39,"minecraft:chest":1,"minecraft:diamond_boots":1,"minecraft:dark_oak_planks":60,"minecraft:diamond_sword":2,"minecraft:arrow":192,"minecraft:emerald":1943,"minecraft:diamond_axe":1,"minecraft:crafting_table":1,"minecraft:bucket":1,"minecraft:dark_oak_button":5,"minecraft:glowstone":6,"minecraft:enchanted_book":35,"minecraft:bread":174,"minecraft:air":0,"minecraft:white_wool":576,"minecraft:paper":6,"minecraft:diamond_pickaxe":3,"minecraft:iron_block":6,"minecraft:anvil":2,"minecraft:white_bed":6,"minecraft:pumpkin_pie":48,"minecraft:shears":1,"minecraft:lapis_lazuli":12,"minecraft:firework_rocket":6,"minecraft:diamond_chestplate":1},"minecraft:dropped":{"minecraft:enchanted_book":1,"minecraft:iron_ingot":58,"minecraft:clay":2,"minecraft:oak_slab":2,"minecraft:wheat_seeds":25,"minecraft:lapis_lazuli":12,"minecraft:oak_log":7,"minecraft:chorus_fruit":6,"minecraft:bookshelf":1,"minecraft:dark_oak_sapling":1,"minecraft:diamond_leggings":1,"minecraft:dark_oak_slab":2,"minecraft:cobblestone":975,"minecraft:leather":2,"minecraft:apple":1,"minecraft:dark_oak_button":5,"minecraft:granite":13,"minecraft:cracked_stone_bricks":1,"minecraft:coal":5,"minecraft:flint":6,"minecraft:emerald":254,"minecraft:dirt":462,"minecraft:deepslate_gold_ore":1,"minecraft:dark_oak_log":64,"minecraft:diorite":5,"minecraft:brewing_stand":1,"minecraft:torch":1,"minecraft:crimson_roots":3,"minecraft:diamond_helmet":2,"minecraft:sand":45,"minecraft:dark_oak_planks":15,"minecraft:string":1127,"minecraft:dark_oak_boat":2,"minecraft:white_wool":65,"minecraft:bucket":1,"minecraft:dandelion":15,"minecraft:redstone":2,"minecraft:gravel":4,"minecraft:sweet_berries":26,"minecraft:cobbled_deepslate":50,"minecraft:raw_copper":4,"minecraft:deepslate":9,"minecraft:tuff":18,"minecraft:obsidian":2,"minecraft:rotten_flesh":3,"minecraft:clay_ball":4,"minecraft:diamond_shovel":1,"minecraft:golden_shovel":1,"minecraft:salmon":6,"minecraft:diamond_sword":2,"minecraft:poppy":12,"minecraft:cobblestone_slab":5,"minecraft:stone":39,"minecraft:diamond_chestplate":1,"minecraft:diamond_pickaxe":1,"minecraft:andesite":15,"minecraft:glowstone":6,"minecraft:oak_sapling":1,"minecraft:chest":1,"minecraft:redstone_torch":2,"minecraft:spider_eye":6,"minecraft:stone_bricks":4,"minecraft:diamond_boots":1,"minecraft:iron_ore":1,"minecraft:iron_bars":11,"minecraft:arrow":73,"minecraft:bow":62,"minecraft:quartz":1,"minecraft:netherrack":3,"minecraft:egg":1},"minecraft:mined":{"minecraft:tuff":16,"minecraft:dark_oak_leaves":23,"minecraft:deepslate_diamond_ore":9,"minecraft:dark_oak_log":416,"minecraft:end_stone":18,"minecraft:shulker_box":15,"minecraft:obsidian":28,"minecraft:granite":13,"minecraft:grass_block":1098,"minecraft:crimson_roots":2,"minecraft:spruce_leaves":1,"minecraft:spawner":1,"minecraft:large_fern":1,"minecraft:tall_seagrass":4,"minecraft:oak_trapdoor":2,"minecraft:dark_oak_trapdoor":1,"minecraft:iron_ore":5,"minecraft:fire":15,"minecraft:andesite":18,"minecraft:azure_bluet":1,"minecraft:bookshelf":13,"minecraft:oak_stairs":1,"minecraft:stone":1048,"minecraft:white_wool":4,"minecraft:tripwire":8,"minecraft:dandelion":2,"minecraft:clay":1,"minecraft:crafting_table":2,"minecraft:torch":5,"minecraft:rose_bush":4,"minecraft:glass":11,"minecraft:copper_ore":2,"minecraft:tall_grass":8,"minecraft:cobblestone":53,"minecraft:sugar_cane":5,"minecraft:diorite":18,"minecraft:wall_torch":3,"minecraft:seagrass":5,"minecraft:birch_log":47,"minecraft:nether_wart_block":1,"minecraft:sweet_berry_bush":18,"minecraft:birch_leaves":9,"minecraft:grass":48,"minecraft:oak_log":12,"minecraft:coal_ore":8,"minecraft:gravel":10,"minecraft:sand":62,"minecraft:dirt":540,"minecraft:smooth_basalt":8,"minecraft:cracked_stone_bricks":1,"minecraft:piston":6,"minecraft:tripwire_hook":1,"minecraft:deepslate":140,"minecraft:stone_bricks":4,"minecraft:netherrack":24,"minecraft:oak_leaves":7,"minecraft:fern":2},"minecraft:picked_up":{"minecraft:shulker_shell":2,"minecraft:crafting_table":3,"minecraft:clay_ball":4,"minecraft:lead":2,"minecraft:diamond_sword":3,"minecraft:oak_stairs":1,"minecraft:golden_shovel":1,"minecraft:brewing_stand":1,"minecraft:string":29614,"minecraft:oak_trapdoor":2,"minecraft:dark_oak_trapdoor":2,"minecraft:elytra":1,"minecraft:raw_copper":4,"minecraft:cracked_stone_bricks":1,"minecraft:diamond_leggings":1,"minecraft:cobbled_deepslate":91,"minecraft:bucket":1,"minecraft:redstone_torch":2,"minecraft:rose_bush":3,"minecraft:cobblestone_slab":15,"minecraft:ender_eye":1,"minecraft:poppy":15,"minecraft:sugar_cane":9,"minecraft:chest":2,"minecraft:piston":63,"minecraft:egg":2,"minecraft:raw_iron":6,"minecraft:dark_oak_sapling":5,"minecraft:stick":3,"minecraft:end_stone":23,"minecraft:stone":68,"minecraft:torch":32,"minecraft:diorite":33,"minecraft:redstone":2,"minecraft:dark_oak_planks":5,"minecraft:arrow":84,"minecraft:rotten_flesh":2,"minecraft:diamond_chestplate":1,"minecraft:diamond_boots":1,"minecraft:bookshelf":2,"minecraft:obsidian":27,"minecraft:iron_bars":11,"minecraft:white_wool":69,"minecraft:cobblestone":1272,"minecraft:birch_log":47,"minecraft:dark_oak_button":5,"minecraft:andesite":15,"minecraft:tripwire_hook":4,"minecraft:salmon":15,"minecraft:leather":2,"minecraft:dark_oak_boat":4,"minecraft:flint":6,"minecraft:tuff":36,"minecraft:oak_log":19,"minecraft:gunpowder":4,"minecraft:dirt":1221,"minecraft:bone":15,"minecraft:apple":2,"minecraft:stone_bricks":4,"minecraft:bow":78,"minecraft:wheat_seeds":26,"minecraft:iron_ingot":20,"minecraft:iron_ore":1,"minecraft:diamond_helmet":2,"minecraft:book":39,"minecraft:oak_slab":2,"minecraft:smooth_basalt":19,"minecraft:dark_oak_slab":4,"minecraft:sweet_berries":109,"minecraft:quartz":1,"minecraft:dandelion":15,"minecraft:gravel":6,"minecraft:sand":45,"minecraft:spider_eye":4,"minecraft:dark_oak_log":408,"minecraft:dragon_egg":2,"minecraft:shulker_box":15,"minecraft:diamond_shovel":2,"minecraft:clay":3,"minecraft:diamond":19,"minecraft:deepslate":51,"minecraft:lever":2,"minecraft:deepslate_gold_ore":2,"minecraft:granite":13,"minecraft:diamond_axe":1,"minecraft:bread":8,"minecraft:emerald":133,"minecraft:oak_sapling":1,"minecraft:netherrack":149,"minecraft:chorus_fruit":6,"minecraft:ender_pearl":28,"minecraft:coal":5,"minecraft:crimson_roots":3,"minecraft:diamond_pickaxe":1},"minecraft:custom":{"minecraft:interact_with_anvil":54,"minecraft:mob_kills":43,"minecraft:interact_with_crafting_table":24,"minecraft:open_shulker_box":40,"minecraft:leave_game":7,"minecraft:time_since_death":256896,"minecraft:sprint_one_cm":1043850,"minecraft:walk_one_cm":494283,"minecraft:drop":718,"minecraft:talked_to_villager":422,"minecraft:play_time":295810,"minecraft:deaths":6,"minecraft:sneak_time":14888,"minecraft:walk_under_water_one_cm":37535,"minecraft:boat_one_cm":1236,"minecraft:jump":8233,"minecraft:walk_on_water_one_cm":44957,"minecraft:total_world_time":295810,"minecraft:interact_with_furnace":6,"minecraft:traded_with_villager":2114,"minecraft:interact_with_grindstone":19,"minecraft:sleep_in_bed":11,"minecraft:time_since_rest":59573,"minecraft:damage_taken":6265,"minecraft:damage_dealt":12144,"minecraft:swim_one_cm":83342,"minecraft:fly_one_cm":1897218,"minecraft:open_chest":114,"minecraft:crouch_one_cm":57554,"minecraft:aviate_one_cm":325580,"minecraft:fall_one_cm":248795}},"DataVersion":3465}