{"stats":{"minecraft:killed_by":{"minecraft:skeleton":1,"minecraft:creeper":1,"minecraft:zombie":1,"minecraft:iron_golem":3},"minecraft:killed":{"minecraft:cat":2,"minecraft:iron_golem":1},"minecraft:used":{"minecraft:rose_bush":3,"minecraft:diamond_boots":1,"minecraft:diamond_axe":4,"minecraft:torch":1,"minecraft:dirt":190,"minecraft:diamond_helmet":2,"minecraft:diamond_shovel":124,"minecraft:bookshelf":3,"minecraft:bread":23,"minecraft:diamond_chestplate":3,"minecraft:diamond_sword":37,"minecraft:bow":2,"minecraft:dark_oak_boat":1,"minecraft:sweet_berries":21,"minecraft:egg":1,"minecraft:diamond_leggings":2},"minecraft:crafted":{"minecraft:diamond_sword":2,"minecraft:emerald":788,"minecraft:diamond_axe":1,"minecraft:diamond_shovel":1,"minecraft:bookshelf":2,"minecraft:glowstone":6,"minecraft:enchanted_book":11,"minecraft:bread":78,"minecraft:air":0,"minecraft:diamond_helmet":1,"minecraft:diamond_leggings":1,"minecraft:diamond_pickaxe":1,"minecraft:ender_pearl":8,"minecraft:diamond_boots":1,"minecraft:lapis_lazuli":12,"minecraft:diamond_chestplate":1},"minecraft:dropped":{"minecraft:enchanted_book":1,"minecraft:iron_ingot":1,"minecraft:oak_slab":2,"minecraft:sweet_berries":11,"minecraft:wheat_seeds":1,"minecraft:lapis_lazuli":12,"minecraft:oak_log":7,"minecraft:cobbled_deepslate":3,"minecraft:bookshelf":1,"minecraft:diamond_leggings":1,"minecraft:obsidian":1,"minecraft:dark_oak_slab":2,"minecraft:diamond_shovel":1,"minecraft:golden_shovel":1,"minecraft:poppy":2,"minecraft:emerald":192,"minecraft:diamond_sword":1,"minecraft:cobblestone_slab":5,"minecraft:brewing_stand":1,"minecraft:diamond_chestplate":1,"minecraft:diamond_pickaxe":1,"minecraft:glowstone":6,"minecraft:diamond_helmet":2,"minecraft:diamond_boots":1,"minecraft:arrow":68,"minecraft:bow":61,"minecraft:string":197,"minecraft:dark_oak_planks":3,"minecraft:dark_oak_boat":2},"minecraft:mined":{"minecraft:grass_block":22,"minecraft:rose_bush":4,"minecraft:spruce_leaves":1,"minecraft:wall_torch":1,"minecraft:large_fern":1,"minecraft:seagrass":3,"minecraft:tall_seagrass":3,"minecraft:sweet_berry_bush":18,"minecraft:birch_leaves":6,"minecraft:grass":13,"minecraft:bookshelf":2,"minecraft:oak_stairs":1,"minecraft:gravel":2,"minecraft:dirt":128,"minecraft:oak_leaves":1,"minecraft:fern":2},"minecraft:picked_up":{"minecraft:dark_oak_boat":3,"minecraft:diamond_sword":2,"minecraft:oak_stairs":1,"minecraft:golden_shovel":1,"minecraft:oak_log":7,"minecraft:brewing_stand":1,"minecraft:string":11637,"minecraft:dirt":243,"minecraft:bow":76,"minecraft:diamond_leggings":1,"minecraft:wheat_seeds":2,"minecraft:cobbled_deepslate":3,"minecraft:iron_ingot":5,"minecraft:rose_bush":3,"minecraft:cobblestone_slab":15,"minecraft:poppy":6,"minecraft:diamond_helmet":2,"minecraft:egg":1,"minecraft:book":6,"minecraft:oak_slab":2,"minecraft:stick":1,"minecraft:dark_oak_slab":4,"minecraft:sweet_berries":91,"minecraft:torch":1,"minecraft:gravel":1,"minecraft:dark_oak_planks":3,"minecraft:arrow":69,"minecraft:diamond_shovel":2,"minecraft:diamond_chestplate":1,"minecraft:diamond_boots":1,"minecraft:diamond_axe":1,"minecraft:emerald":72,"minecraft:bread":8,"minecraft:bookshelf":2,"minecraft:ender_pearl":3,"minecraft:obsidian":1,"minecraft:white_wool":1,"minecraft:cobblestone":1,"minecraft:diamond_pickaxe":1},"minecraft:custom":{"minecraft:interact_with_anvil":20,"minecraft:mob_kills":3,"minecraft:traded_with_villager":849,"minecraft:interact_with_crafting_table":2,"minecraft:interact_with_grindstone":17,"minecraft:leave_game":2,"minecraft:time_since_death":30359,"minecraft:sleep_in_bed":3,"minecraft:time_since_rest":320,"minecraft:sprint_one_cm":229617,"minecraft:walk_one_cm":143009,"minecraft:damage_taken":2765,"minecraft:drop":111,"minecraft:damage_dealt":2194,"minecraft:swim_one_cm":23647,"minecraft:talked_to_villager":189,"minecraft:fly_one_cm":364112,"minecraft:open_chest":42,"minecraft:crouch_one_cm":16837,"minecraft:play_time":69182,"minecraft:deaths":6,"minecraft:sneak_time":2854,"minecraft:walk_under_water_one_cm":3398,"minecraft:boat_one_cm":1236,"minecraft:jump":2001,"minecraft:walk_on_water_one_cm":11101,"minecraft:total_world_time":69182,"minecraft:fall_one_cm":66676}},"DataVersion":3465}