{"stats":{"minecraft:used":{"minecraft:dirt":4},"minecraft:mined":{"minecraft:seagrass":2,"minecraft:grass_block":4,"minecraft:tall_seagrass":3,"minecraft:dirt":1,"minecraft:spruce_leaves":1,"minecraft:birch_leaves":6},"minecraft:picked_up":{"minecraft:stick":1,"minecraft:dirt":4},"minecraft:custom":{"minecraft:time_since_rest":8527,"minecraft:crouch_one_cm":102,"minecraft:sprint_one_cm":14844,"minecraft:play_time":8527,"minecraft:damage_taken":120,"minecraft:walk_one_cm":25822,"minecraft:sneak_time":56,"minecraft:walk_under_water_one_cm":2637,"minecraft:jump":344,"minecraft:damage_dealt":54,"minecraft:leave_game":1,"minecraft:walk_on_water_one_cm":4799,"minecraft:time_since_death":8527,"minecraft:total_world_time":8527,"minecraft:swim_one_cm":20888,"minecraft:fall_one_cm":9314,"minecraft:fly_one_cm":30207}},"DataVersion":3465}