{"stats":{"minecraft:killed_by":{"minecraft:skeleton":1,"minecraft:creeper":1,"minecraft:zombie":1},"minecraft:used":{"minecraft:rose_bush":3,"minecraft:bookshelf":1,"minecraft:diamond_shovel":121,"minecraft:bread":12,"minecraft:diamond_chestplate":1,"minecraft:diamond_sword":4,"minecraft:dirt":188,"minecraft:sweet_berries":5,"minecraft:diamond_helmet":1,"minecraft:egg":1},"minecraft:crafted":{"minecraft:emerald":241,"minecraft:diamond_sword":1,"minecraft:diamond_helmet":1,"minecraft:diamond_leggings":1,"minecraft:diamond_pickaxe":1,"minecraft:diamond_axe":1,"minecraft:diamond_boots":1,"minecraft:diamond_shovel":1,"minecraft:air":0,"minecraft:diamond_chestplate":1},"minecraft:dropped":{"minecraft:iron_ingot":1,"minecraft:sweet_berries":2,"minecraft:wheat_seeds":1,"minecraft:bookshelf":1,"minecraft:obsidian":1,"minecraft:dark_oak_slab":1,"minecraft:bow":4,"minecraft:dark_oak_planks":3,"minecraft:emerald":64},"minecraft:mined":{"minecraft:large_fern":1,"minecraft:seagrass":2,"minecraft:tall_seagrass":3,"minecraft:sweet_berry_bush":17,"minecraft:birch_leaves":6,"minecraft:grass":6,"minecraft:bookshelf":1,"minecraft:grass_block":20,"minecraft:oak_stairs":1,"minecraft:rose_bush":4,"minecraft:gravel":2,"minecraft:dirt":128,"minecraft:spruce_leaves":1,"minecraft:fern":2,"minecraft:oak_leaves":1},"minecraft:picked_up":{"minecraft:stick":1,"minecraft:dark_oak_slab":2,"minecraft:sweet_berries":32,"minecraft:oak_stairs":1,"minecraft:gravel":1,"minecraft:dirt":241,"minecraft:string":3842,"minecraft:dark_oak_planks":3,"minecraft:bow":10,"minecraft:wheat_seeds":2,"minecraft:cobblestone_slab":5,"minecraft:iron_ingot":1,"minecraft:rose_bush":3,"minecraft:bookshelf":2,"minecraft:bread":8,"minecraft:emerald":32,"minecraft:poppy":2,"minecraft:obsidian":1,"minecraft:white_wool":1,"minecraft:cobblestone":1,"minecraft:egg":1},"minecraft:custom":{"minecraft:time_since_rest":1723,"minecraft:sprint_one_cm":106267,"minecraft:damage_taken":1425,"minecraft:walk_one_cm":81377,"minecraft:drop":15,"minecraft:damage_dealt":445,"minecraft:traded_with_villager":249,"minecraft:swim_one_cm":20888,"minecraft:fly_one_cm":188438,"minecraft:talked_to_villager":41,"minecraft:open_chest":25,"minecraft:crouch_one_cm":7472,"minecraft:play_time":33182,"minecraft:deaths":3,"minecraft:sneak_time":1811,"minecraft:walk_under_water_one_cm":2637,"minecraft:jump":1182,"minecraft:interact_with_grindstone":1,"minecraft:leave_game":2,"minecraft:time_since_death":1517,"minecraft:walk_on_water_one_cm":6577,"minecraft:total_world_time":33182,"minecraft:fall_one_cm":44010}},"DataVersion":3465}