{"stats":{"minecraft:killed_by":{"minecraft:skeleton":1,"minecraft:creeper":1,"minecraft:zombie":1,"minecraft:iron_golem":3},"minecraft:killed":{"minecraft:cat":2,"minecraft:salmon":11,"minecraft:iron_golem":2},"minecraft:used":{"minecraft:rose_bush":3,"minecraft:diamond_boots":1,"minecraft:ender_pearl":11,"minecraft:diamond_axe":5,"minecraft:salmon":9,"minecraft:torch":1,"minecraft:dirt":190,"minecraft:diamond_helmet":2,"minecraft:diamond_shovel":124,"minecraft:bookshelf":4,"minecraft:bread":33,"minecraft:string":2,"minecraft:diamond_chestplate":3,"minecraft:diamond_sword":60,"minecraft:bow":2,"minecraft:dark_oak_boat":1,"minecraft:sweet_berries":21,"minecraft:egg":1,"minecraft:diamond_leggings":2},"minecraft:crafted":{"minecraft:diamond_sword":2,"minecraft:emerald":1314,"minecraft:diamond_axe":1,"minecraft:diamond_shovel":1,"minecraft:bookshelf":3,"minecraft:glowstone":6,"minecraft:enchanted_book":19,"minecraft:bread":78,"minecraft:air":0,"minecraft:diamond_helmet":1,"minecraft:diamond_leggings":1,"minecraft:diamond_pickaxe":1,"minecraft:ender_pearl":8,"minecraft:diamond_boots":1,"minecraft:lapis_lazuli":12,"minecraft:diamond_chestplate":1},"minecraft:dropped":{"minecraft:enchanted_book":1,"minecraft:iron_ingot":3,"minecraft:oak_slab":2,"minecraft:sweet_berries":11,"minecraft:wheat_seeds":1,"minecraft:lapis_lazuli":12,"minecraft:oak_log":7,"minecraft:cobbled_deepslate":3,"minecraft:bookshelf":1,"minecraft:diamond_leggings":1,"minecraft:obsidian":1,"minecraft:dark_oak_slab":2,"minecraft:diamond_shovel":1,"minecraft:golden_shovel":1,"minecraft:salmon":6,"minecraft:poppy":6,"minecraft:emerald":192,"minecraft:diamond_sword":1,"minecraft:cobblestone_slab":5,"minecraft:brewing_stand":1,"minecraft:diamond_chestplate":1,"minecraft:diamond_pickaxe":1,"minecraft:glowstone":6,"minecraft:diamond_helmet":2,"minecraft:diamond_boots":1,"minecraft:arrow":68,"minecraft:bow":61,"minecraft:string":325,"minecraft:dark_oak_planks":3,"minecraft:dark_oak_boat":2},"minecraft:mined":{"minecraft:grass_block":22,"minecraft:rose_bush":4,"minecraft:spruce_leaves":1,"minecraft:wall_torch":1,"minecraft:large_fern":1,"minecraft:seagrass":4,"minecraft:tall_seagrass":4,"minecraft:sweet_berry_bush":18,"minecraft:birch_leaves":6,"minecraft:grass":13,"minecraft:bookshelf":3,"minecraft:oak_stairs":1,"minecraft:gravel":2,"minecraft:dirt":128,"minecraft:tripwire":1,"minecraft:oak_leaves":1,"minecraft:fern":2},"minecraft:picked_up":{"minecraft:salmon":15,"minecraft:dark_oak_boat":3,"minecraft:diamond_sword":2,"minecraft:oak_stairs":1,"minecraft:golden_shovel":1,"minecraft:oak_log":7,"minecraft:brewing_stand":1,"minecraft:string":19087,"minecraft:dirt":243,"minecraft:bow":76,"minecraft:diamond_leggings":1,"minecraft:wheat_seeds":2,"minecraft:cobbled_deepslate":3,"minecraft:iron_ingot":8,"minecraft:rose_bush":3,"minecraft:cobblestone_slab":15,"minecraft:poppy":8,"minecraft:diamond_helmet":2,"minecraft:egg":1,"minecraft:book":9,"minecraft:oak_slab":2,"minecraft:stick":1,"minecraft:dark_oak_slab":4,"minecraft:sweet_berries":91,"minecraft:torch":1,"minecraft:gravel":1,"minecraft:dark_oak_planks":3,"minecraft:arrow":69,"minecraft:diamond_shovel":2,"minecraft:diamond_chestplate":1,"minecraft:diamond_boots":1,"minecraft:diamond_axe":1,"minecraft:emerald":72,"minecraft:bread":8,"minecraft:bookshelf":2,"minecraft:ender_pearl":3,"minecraft:obsidian":1,"minecraft:white_wool":1,"minecraft:cobblestone":1,"minecraft:diamond_pickaxe":1},"minecraft:custom":{"minecraft:interact_with_anvil":28,"minecraft:mob_kills":15,"minecraft:traded_with_villager":1384,"minecraft:interact_with_crafting_table":2,"minecraft:interact_with_grindstone":17,"minecraft:leave_game":2,"minecraft:time_since_death":54359,"minecraft:sleep_in_bed":4,"minecraft:time_since_rest":10003,"minecraft:sprint_one_cm":288102,"minecraft:walk_one_cm":172813,"minecraft:damage_taken":3256,"minecraft:drop":247,"minecraft:damage_dealt":3434,"minecraft:swim_one_cm":40277,"minecraft:talked_to_villager":284,"minecraft:fly_one_cm":461698,"minecraft:open_chest":46,"minecraft:crouch_one_cm":20861,"minecraft:play_time":93182,"minecraft:deaths":6,"minecraft:sneak_time":3271,"minecraft:walk_under_water_one_cm":8963,"minecraft:boat_one_cm":1236,"minecraft:jump":2443,"minecraft:walk_on_water_one_cm":16131,"minecraft:total_world_time":93182,"minecraft:fall_one_cm":80339}},"DataVersion":3465}