{"stats":{"minecraft:used":{"minecraft:water_bucket":10,"minecraft:rose_bush":3,"minecraft:diamond_boots":1,"minecraft:ender_pearl":13,"minecraft:diamond_axe":159,"minecraft:white_wool":1,"minecraft:salmon":9,"minecraft:torch":1,"minecraft:dirt":190,"minecraft:anvil":2,"minecraft:diamond_helmet":2,"minecraft:shears":3,"minecraft:diamond_shovel":124,"minecraft:bookshelf":14,"minecraft:bread":51,"minecraft:string":6,"minecraft:diamond_chestplate":3,"minecraft:diamond_sword":82,"minecraft:dark_oak_boat":1,"minecraft:bow":2,"minecraft:sweet_berries":21,"minecraft:pumpkin_pie":1,"minecraft:bucket":11,"minecraft:egg":1,"minecraft:diamond_leggings":2},"minecraft:crafted":{"minecraft:arrow":192,"minecraft:diamond_sword":2,"minecraft:emerald":1895,"minecraft:diamond_axe":1,"minecraft:bucket":1,"minecraft:diamond_shovel":1,"minecraft:glowstone":6,"minecraft:bookshelf":13,"minecraft:enchanted_book":35,"minecraft:bread":174,"minecraft:air":0,"minecraft:bow":2,"minecraft:white_wool":576,"minecraft:diamond_helmet":1,"minecraft:diamond_leggings":1,"minecraft:diamond_pickaxe":3,"minecraft:ender_pearl":39,"minecraft:iron_block":6,"minecraft:pumpkin_pie":48,"minecraft:diamond_boots":1,"minecraft:anvil":2,"minecraft:shears":1,"minecraft:lapis_lazuli":12,"minecraft:diamond_chestplate":1},"minecraft:custom":{"minecraft:interact_with_anvil":54,"minecraft:mob_kills":16,"minecraft:traded_with_villager":2066,"minecraft:interact_with_crafting_table":13,"minecraft:interact_with_grindstone":19,"minecraft:leave_game":3,"minecraft:time_since_death":100470,"minecraft:sleep_in_bed":9,"minecraft:time_since_rest":18979,"minecraft:sprint_one_cm":461602,"minecraft:damage_taken":3683,"minecraft:walk_one_cm":234011,"minecraft:drop":268,"minecraft:damage_dealt":4474,"minecraft:swim_one_cm":59759,"minecraft:talked_to_villager":415,"minecraft:fly_one_cm":697034,"minecraft:open_chest":95,"minecraft:crouch_one_cm":26664,"minecraft:play_time":139293,"minecraft:deaths":6,"minecraft:sneak_time":4540,"minecraft:walk_under_water_one_cm":9876,"minecraft:boat_one_cm":1236,"minecraft:jump":3511,"minecraft:walk_on_water_one_cm":26043,"minecraft:total_world_time":139293,"minecraft:fall_one_cm":114585},"minecraft:mined":{"minecraft:dark_oak_leaves":3,"minecraft:dark_oak_log":141,"minecraft:grass_block":22,"minecraft:rose_bush":4,"minecraft:tall_grass":3,"minecraft:spruce_leaves":1,"minecraft:wall_torch":1,"minecraft:seagrass":4,"minecraft:large_fern":1,"minecraft:tall_seagrass":4,"minecraft:sweet_berry_bush":18,"minecraft:birch_leaves":7,"minecraft:grass":13,"minecraft:bookshelf":13,"minecraft:oak_stairs":1,"minecraft:gravel":2,"minecraft:dirt":128,"minecraft:white_wool":1,"minecraft:oak_leaves":1,"minecraft:fern":2,"minecraft:tripwire":1},"minecraft:dropped":{"minecraft:enchanted_book":1,"minecraft:iron_ingot":12,"minecraft:oak_slab":2,"minecraft:sweet_berries":26,"minecraft:wheat_seeds":3,"minecraft:lapis_lazuli":12,"minecraft:oak_log":7,"minecraft:cobbled_deepslate":3,"minecraft:bookshelf":1,"minecraft:dark_oak_sapling":1,"minecraft:diamond_leggings":1,"minecraft:obsidian":1,"minecraft:dark_oak_slab":2,"minecraft:diamond_shovel":1,"minecraft:golden_shovel":1,"minecraft:salmon":6,"minecraft:dirt":53,"minecraft:emerald":254,"minecraft:poppy":6,"minecraft:diamond_sword":2,"minecraft:cobblestone_slab":5,"minecraft:brewing_stand":1,"minecraft:diamond_chestplate":1,"minecraft:diamond_pickaxe":1,"minecraft:glowstone":6,"minecraft:diamond_helmet":2,"minecraft:diamond_boots":1,"minecraft:arrow":68,"minecraft:bow":61,"minecraft:quartz":1,"minecraft:string":454,"minecraft:dark_oak_planks":3,"minecraft:dark_oak_boat":2,"minecraft:egg":1},"minecraft:killed_by":{"minecraft:skeleton":1,"minecraft:creeper":1,"minecraft:zombie":1,"minecraft:iron_golem":3},"minecraft:killed":{"minecraft:cat":2,"minecraft:salmon":11,"minecraft:iron_golem":3},"minecraft:picked_up":{"minecraft:salmon":15,"minecraft:dark_oak_boat":3,"minecraft:diamond_sword":3,"minecraft:oak_stairs":1,"minecraft:golden_shovel":1,"minecraft:oak_log":7,"minecraft:brewing_stand":1,"minecraft:dirt":243,"minecraft:string":28427,"minecraft:bow":76,"minecraft:wheat_seeds":4,"minecraft:diamond_leggings":1,"minecraft:cobbled_deepslate":3,"minecraft:iron_ingot":20,"minecraft:rose_bush":3,"minecraft:cobblestone_slab":15,"minecraft:poppy":8,"minecraft:diamond_helmet":2,"minecraft:dark_oak_sapling":1,"minecraft:egg":2,"minecraft:book":39,"minecraft:oak_slab":2,"minecraft:stick":1,"minecraft:dark_oak_slab":4,"minecraft:sweet_berries":106,"minecraft:torch":1,"minecraft:quartz":1,"minecraft:gravel":1,"minecraft:dark_oak_log":136,"minecraft:dark_oak_planks":3,"minecraft:diamond_shovel":2,"minecraft:arrow":69,"minecraft:diamond_chestplate":1,"minecraft:diamond_boots":1,"minecraft:diamond_axe":1,"minecraft:bookshelf":2,"minecraft:bread":8,"minecraft:emerald":133,"minecraft:netherrack":128,"minecraft:obsidian":1,"minecraft:ender_pearl":3,"minecraft:white_wool":2,"minecraft:cobblestone":1,"minecraft:diamond_pickaxe":1}},"DataVersion":3465}