{"stats":{"minecraft:killed_by":{"minecraft:player":1,"minecraft:spider":1,"minecraft:iron_golem":3,"minecraft:skeleton":2,"minecraft:zombie":5},"minecraft:killed":{"minecraft:spider":7,"minecraft:phantom":1,"minecraft:skeleton":18,"minecraft:chicken":1,"minecraft:cat":3,"minecraft:salmon":9,"minecraft:iron_golem":15,"minecraft:wandering_trader":1,"minecraft:creeper":1,"minecraft:sheep":3,"minecraft:trader_llama":3,"minecraft:zombie":14,"minecraft:donkey":1,"minecraft:enderman":1,"minecraft:cow":3},"minecraft:used":{"minecraft:iron_shovel":91,"minecraft:flint_and_steel":18,"minecraft:stone_shovel":84,"minecraft:poppy":8,"minecraft:chest":3,"minecraft:rotten_flesh":2,"minecraft:netherrack":46,"minecraft:torch":2,"minecraft:dirt":219,"minecraft:mutton":5,"minecraft:diamond_helmet":1,"minecraft:obsidian":3,"minecraft:dark_oak_planks":47,"minecraft:lava_bucket":1,"minecraft:bookshelf":7,"minecraft:iron_axe":413,"minecraft:grass_block":1,"minecraft:oak_stairs":1,"minecraft:iron_helmet":1,"minecraft:dark_oak_slab":18,"minecraft:tripwire_hook":2,"minecraft:diamond_chestplate":1,"minecraft:bow":152,"minecraft:beef":6,"minecraft:dark_oak_boat":7,"minecraft:sweet_berries":2,"minecraft:oak_sapling":1,"minecraft:egg":9,"minecraft:cooked_beef":1,"minecraft:dark_oak_sapling":17,"minecraft:water_bucket":43,"minecraft:lead":1,"minecraft:stone_pickaxe":117,"minecraft:powered_rail":2,"minecraft:oak_planks":14,"minecraft:ender_pearl":1,"minecraft:wooden_pickaxe":19,"minecraft:composter":1,"minecraft:diamond_axe":149,"minecraft:fletching_table":40,"minecraft:cobblestone_slab":7,"minecraft:white_wool":4,"minecraft:mossy_cobblestone":1,"minecraft:crafting_table":2,"minecraft:blast_furnace":1,"minecraft:white_bed":106,"minecraft:diamond_pickaxe":155,"minecraft:lever":1,"minecraft:apple":3,"minecraft:diamond_shovel":961,"minecraft:iron_pickaxe":54,"minecraft:bread":41,"minecraft:map":1,"minecraft:string":12,"minecraft:lectern":150,"minecraft:gravel":382,"minecraft:stone_axe":91,"minecraft:diamond_sword":234,"minecraft:cobblestone":89,"minecraft:cooked_porkchop":2,"minecraft:smithing_table":1,"minecraft:bucket":47,"minecraft:pumpkin_pie":74,"minecraft:yellow_bed":8,"minecraft:oak_fence":3},"minecraft:broken":{"minecraft:stone_pickaxe":1,"minecraft:iron_axe":3,"minecraft:stone_shovel":1},"minecraft:crafted":{"minecraft:oak_planks":64,"minecraft:cobblestone_slab":12,"minecraft:furnace":1,"minecraft:bone_meal":12,"minecraft:diamond_shovel":1,"minecraft:bookshelf":4,"minecraft:white_carpet":192,"minecraft:flint_and_steel":1,"minecraft:cooked_mutton":1,"minecraft:diamond_helmet":1,"minecraft:bow":11,"minecraft:stone_pickaxe":2,"minecraft:chest":2,"minecraft:dark_oak_planks":316,"minecraft:oak_fence":3,"minecraft:cooked_beef":2,"minecraft:emerald":736,"minecraft:cooked_porkchop":1,"minecraft:crafting_table":16,"minecraft:wooden_pickaxe":2,"minecraft:fletching_table":30,"minecraft:bucket":1,"minecraft:stone_axe":2,"minecraft:enchanted_book":6,"minecraft:air":0,"minecraft:white_wool":256,"minecraft:diamond_pickaxe":1,"minecraft:stick":753,"minecraft:iron_shovel":1,"minecraft:white_bed":42,"minecraft:pumpkin_pie":40,"minecraft:diamond_chestplate":1},"minecraft:dropped":{"minecraft:enchanted_book":1,"minecraft:water_bucket":3,"minecraft:stone_hoe":2,"minecraft:iron_ingot":5,"minecraft:bread":89,"minecraft:wheat_seeds":21,"minecraft:lilac":2,"minecraft:oak_log":64,"minecraft:mossy_cobblestone":7,"minecraft:minecart":1,"minecraft:dark_oak_sapling":2,"minecraft:cooked_porkchop":1,"minecraft:dark_oak_slab":117,"minecraft:feather":5,"minecraft:cobblestone":128,"minecraft:book":3,"minecraft:lantern":9,"minecraft:leather":5,"minecraft:cobblestone_stairs":9,"minecraft:red_mushroom":1,"minecraft:stick":2,"minecraft:emerald":68,"minecraft:gold_block":1,"minecraft:lava_bucket":1,"minecraft:dirt":337,"minecraft:dark_oak_log":27,"minecraft:torch":59,"minecraft:dark_oak_trapdoor":2,"minecraft:diamond_helmet":1,"minecraft:oak_stairs":154,"minecraft:pumpkin_pie":32,"minecraft:bone_meal":1,"minecraft:iron_axe":7,"minecraft:iron_pickaxe":1,"minecraft:iron_shovel":2,"minecraft:dark_oak_planks":65,"minecraft:string":7010,"minecraft:tripwire_hook":2,"minecraft:white_wool":5,"minecraft:bone":8,"minecraft:oak_door":4,"minecraft:gravel":2,"minecraft:furnace":1,"minecraft:stone_axe":16,"minecraft:lever":1,"minecraft:oak_trapdoor":2,"minecraft:raw_copper":2,"minecraft:raw_iron":3,"minecraft:stone_shovel":2,"minecraft:white_carpet":320,"minecraft:rotten_flesh":15,"minecraft:oak_planks":8,"minecraft:iron_boots":3,"minecraft:diamond_shovel":5,"minecraft:salmon":9,"minecraft:shears":1,"minecraft:flint_and_steel":1,"minecraft:filled_map":3,"minecraft:diamond_sword":2,"minecraft:poppy":13,"minecraft:potato":1,"minecraft:diamond_pickaxe":1,"minecraft:redstone_torch":1,"minecraft:spider_eye":3,"minecraft:stone_pickaxe":3,"minecraft:arrow":33,"minecraft:bow":32,"minecraft:beef":8,"minecraft:wooden_pickaxe":3,"minecraft:netherrack":20,"minecraft:egg":2},"minecraft:mined":{"minecraft:dark_oak_planks":40,"minecraft:nether_gold_ore":24,"minecraft:white_bed":68,"minecraft:mossy_cobblestone":10,"minecraft:dark_oak_leaves":78,"minecraft:oak_door":1,"minecraft:cobblestone_stairs":3,"minecraft:dark_oak_log":87,"minecraft:obsidian":4,"minecraft:lever":1,"minecraft:grass_block":347,"minecraft:composter":1,"minecraft:tall_seagrass":1,"minecraft:oak_trapdoor":2,"minecraft:furnace":2,"minecraft:dark_oak_trapdoor":2,"minecraft:iron_ore":5,"minecraft:fire":17,"minecraft:andesite":1,"minecraft:fletching_table":9,"minecraft:bookshelf":7,"minecraft:oak_stairs":119,"minecraft:stone":88,"minecraft:white_wool":4,"minecraft:tripwire":6,"minecraft:smithing_table":1,"minecraft:glass_pane":2,"minecraft:torch":3,"minecraft:crafting_table":1,"minecraft:blast_furnace":1,"minecraft:poppy":5,"minecraft:chest":2,"minecraft:lectern":147,"minecraft:copper_ore":1,"minecraft:tall_grass":5,"minecraft:cobblestone":146,"minecraft:oak_planks":48,"minecraft:sugar_cane":1,"minecraft:grindstone":1,"minecraft:seagrass":1,"minecraft:powered_rail":1,"minecraft:dark_oak_slab":11,"minecraft:sweet_berry_bush":12,"minecraft:lilac":2,"minecraft:yellow_bed":11,"minecraft:grass":96,"minecraft:oak_log":35,"minecraft:dark_oak_sapling":8,"minecraft:gravel":409,"minecraft:dirt":411,"minecraft:tripwire_hook":3,"minecraft:netherrack":37,"minecraft:oak_leaves":10,"minecraft:fern":1},"minecraft:picked_up":{"minecraft:crafting_table":1,"minecraft:chicken":1,"minecraft:smithing_table":1,"minecraft:lead":8,"minecraft:diamond_sword":5,"minecraft:wooden_pickaxe":10,"minecraft:oak_stairs":387,"minecraft:gold_block":1,"minecraft:oak_trapdoor":2,"minecraft:string":29750,"minecraft:dark_oak_trapdoor":2,"minecraft:raw_copper":2,"minecraft:iron_axe":16,"minecraft:flint_and_steel":1,"minecraft:white_carpet":128,"minecraft:iron_shovel":3,"minecraft:diamond_leggings":3,"minecraft:gold_nugget":87,"minecraft:bucket":2,"minecraft:beef":21,"minecraft:redstone_torch":1,"minecraft:poppy":24,"minecraft:iron_pickaxe":1,"minecraft:minecart":1,"minecraft:lectern":150,"minecraft:sugar_cane":101,"minecraft:egg":16,"minecraft:chest":2,"minecraft:iron_boots":3,"minecraft:furnace":2,"minecraft:dark_oak_sapling":19,"minecraft:raw_iron":11,"minecraft:stick":32,"minecraft:oak_door":4,"minecraft:composter":1,"minecraft:torch":67,"minecraft:dark_oak_planks":739,"minecraft:arrow":436,"minecraft:stone_shovel":3,"minecraft:rotten_flesh":21,"minecraft:diamond_chestplate":2,"minecraft:pumpkin_pie":76,"minecraft:shears":1,"minecraft:diamond_boots":3,"minecraft:bookshelf":3,"minecraft:glistering_melon_slice":5,"minecraft:mutton":5,"minecraft:obsidian":4,"minecraft:white_wool":8,"minecraft:cobblestone":461,"minecraft:feather":7,"minecraft:lilac":2,"minecraft:andesite":1,"minecraft:tripwire_hook":4,"minecraft:water_bucket":5,"minecraft:salmon":32,"minecraft:leather":9,"minecraft:dark_oak_boat":7,"minecraft:red_mushroom":1,"minecraft:potato":2,"minecraft:filled_map":3,"minecraft:flint":58,"minecraft:oak_log":148,"minecraft:yellow_bed":11,"minecraft:cobblestone_stairs":9,"minecraft:dirt":1431,"minecraft:lantern":9,"minecraft:bone":35,"minecraft:apple":8,"minecraft:bow":34,"minecraft:wheat_seeds":37,"minecraft:iron_ingot":66,"minecraft:stone_pickaxe":7,"minecraft:fletching_table":10,"minecraft:diamond_helmet":3,"minecraft:powered_rail":2,"minecraft:oak_planks":66,"minecraft:stone_hoe":10,"minecraft:book":21,"minecraft:dark_oak_slab":71,"minecraft:cooked_porkchop":6,"minecraft:sweet_berries":29,"minecraft:gravel":354,"minecraft:blast_furnace":1,"minecraft:white_bed":67,"minecraft:grass_block":1,"minecraft:dark_oak_log":106,"minecraft:spider_eye":3,"minecraft:mossy_cobblestone":8,"minecraft:diamond_shovel":8,"minecraft:stone_axe":37,"minecraft:lever":2,"minecraft:iron_helmet":4,"minecraft:diamond_axe":3,"minecraft:bone_meal":4,"minecraft:emerald":276,"minecraft:bread":160,"minecraft:oak_sapling":1,"minecraft:netherrack":66,"minecraft:coal":68,"minecraft:diamond_pickaxe":4,"minecraft:ender_pearl":1},"minecraft:custom":{"minecraft:animals_bred":1,"minecraft:mob_kills":81,"minecraft:interact_with_crafting_table":27,"minecraft:leave_game":9,"minecraft:time_since_death":168394,"minecraft:sprint_one_cm":1138686,"minecraft:walk_one_cm":1567759,"minecraft:drop":408,"minecraft:talked_to_villager":448,"minecraft:play_time":538337,"minecraft:sneak_time":46359,"minecraft:deaths":12,"minecraft:walk_under_water_one_cm":70865,"minecraft:boat_one_cm":45215,"minecraft:jump":8978,"minecraft:walk_on_water_one_cm":225204,"minecraft:total_world_time":538337,"minecraft:interact_with_furnace":14,"minecraft:traded_with_villager":771,"minecraft:interact_with_grindstone":1,"minecraft:sleep_in_bed":15,"minecraft:time_since_rest":0,"minecraft:damage_taken":8057,"minecraft:damage_dealt":22379,"minecraft:swim_one_cm":145497,"minecraft:fly_one_cm":1506834,"minecraft:player_kills":3,"minecraft:open_chest":118,"minecraft:crouch_one_cm":177457,"minecraft:fall_one_cm":203668}},"DataVersion":3465}