{"stats":{"minecraft:used":{"minecraft:flint_and_steel":18,"minecraft:stone_shovel":43,"minecraft:chest":2,"minecraft:rotten_flesh":2,"minecraft:netherrack":46,"minecraft:dirt":43,"minecraft:mutton":5,"minecraft:obsidian":3,"minecraft:dark_oak_planks":41,"minecraft:iron_axe":365,"minecraft:oak_stairs":1,"minecraft:iron_helmet":1,"minecraft:dark_oak_slab":12,"minecraft:bow":77,"minecraft:beef":6,"minecraft:oak_sapling":1,"minecraft:egg":9,"minecraft:cooked_beef":1,"minecraft:dark_oak_sapling":17,"minecraft:water_bucket":9,"minecraft:stone_pickaxe":117,"minecraft:oak_planks":14,"minecraft:wooden_pickaxe":19,"minecraft:composter":1,"minecraft:fletching_table":39,"minecraft:white_wool":2,"minecraft:mossy_cobblestone":1,"minecraft:crafting_table":2,"minecraft:blast_furnace":1,"minecraft:white_bed":59,"minecraft:diamond_pickaxe":45,"minecraft:apple":3,"minecraft:diamond_shovel":373,"minecraft:bread":17,"minecraft:string":1,"minecraft:iron_pickaxe":54,"minecraft:map":1,"minecraft:lectern":18,"minecraft:gravel":382,"minecraft:stone_axe":91,"minecraft:cobblestone":15,"minecraft:cooked_porkchop":2,"minecraft:smithing_table":1,"minecraft:bucket":10,"minecraft:pumpkin_pie":18,"minecraft:yellow_bed":8},"minecraft:crafted":{"minecraft:oak_planks":52,"minecraft:furnace":1,"minecraft:bone_meal":12,"minecraft:cooked_mutton":1,"minecraft:flint_and_steel":1,"minecraft:bow":11,"minecraft:stone_pickaxe":2,"minecraft:chest":1,"minecraft:dark_oak_planks":316,"minecraft:cooked_beef":2,"minecraft:emerald":149,"minecraft:cooked_porkchop":1,"minecraft:crafting_table":16,"minecraft:wooden_pickaxe":2,"minecraft:fletching_table":30,"minecraft:stone_axe":2,"minecraft:enchanted_book":1,"minecraft:air":0,"minecraft:stick":749},"minecraft:custom":{"minecraft:mob_kills":23,"minecraft:interact_with_crafting_table":14,"minecraft:leave_game":5,"minecraft:time_since_death":171936,"minecraft:sprint_one_cm":586917,"minecraft:walk_one_cm":805436,"minecraft:drop":165,"minecraft:talked_to_villager":69,"minecraft:play_time":250635,"minecraft:deaths":9,"minecraft:sneak_time":20256,"minecraft:walk_under_water_one_cm":21753,"minecraft:jump":3609,"minecraft:walk_on_water_one_cm":40129,"minecraft:total_world_time":250635,"minecraft:interact_with_furnace":14,"minecraft:traded_with_villager":161,"minecraft:sleep_in_bed":5,"minecraft:time_since_rest":43951,"minecraft:damage_taken":4627,"minecraft:damage_dealt":7466,"minecraft:swim_one_cm":72216,"minecraft:fly_one_cm":477965,"minecraft:player_kills":3,"minecraft:open_chest":44,"minecraft:crouch_one_cm":65103,"minecraft:fall_one_cm":77377},"minecraft:mined":{"minecraft:dark_oak_planks":8,"minecraft:nether_gold_ore":24,"minecraft:white_bed":64,"minecraft:mossy_cobblestone":10,"minecraft:dark_oak_leaves":78,"minecraft:oak_door":1,"minecraft:cobblestone_stairs":3,"minecraft:dark_oak_log":87,"minecraft:obsidian":3,"minecraft:grass_block":27,"minecraft:composter":1,"minecraft:tall_seagrass":1,"minecraft:furnace":2,"minecraft:iron_ore":5,"minecraft:fire":16,"minecraft:andesite":1,"minecraft:fletching_table":9,"minecraft:oak_stairs":119,"minecraft:stone":27,"minecraft:tripwire":1,"minecraft:smithing_table":1,"minecraft:glass_pane":2,"minecraft:crafting_table":1,"minecraft:torch":2,"minecraft:blast_furnace":1,"minecraft:chest":2,"minecraft:lectern":18,"minecraft:tall_grass":4,"minecraft:cobblestone":99,"minecraft:grindstone":1,"minecraft:sugar_cane":1,"minecraft:oak_planks":48,"minecraft:dark_oak_slab":6,"minecraft:sweet_berry_bush":12,"minecraft:lilac":2,"minecraft:yellow_bed":11,"minecraft:grass":42,"minecraft:oak_log":32,"minecraft:dark_oak_sapling":8,"minecraft:gravel":409,"minecraft:dirt":24,"minecraft:netherrack":37,"minecraft:oak_leaves":10,"minecraft:fern":1},"minecraft:dropped":{"minecraft:enchanted_book":1,"minecraft:stone_hoe":2,"minecraft:water_bucket":1,"minecraft:iron_ingot":5,"minecraft:bread":17,"minecraft:wheat_seeds":7,"minecraft:lilac":2,"minecraft:oak_log":64,"minecraft:mossy_cobblestone":7,"minecraft:dark_oak_sapling":2,"minecraft:cooked_porkchop":1,"minecraft:feather":5,"minecraft:cobblestone":128,"minecraft:book":3,"minecraft:leather":2,"minecraft:red_mushroom":1,"minecraft:cobblestone_stairs":9,"minecraft:emerald":68,"minecraft:dirt":107,"minecraft:dark_oak_log":25,"minecraft:torch":11,"minecraft:diamond_helmet":1,"minecraft:oak_stairs":154,"minecraft:iron_axe":7,"minecraft:iron_pickaxe":1,"minecraft:string":772,"minecraft:dark_oak_planks":1,"minecraft:oak_door":4,"minecraft:gravel":2,"minecraft:furnace":1,"minecraft:stone_axe":16,"minecraft:raw_iron":3,"minecraft:stone_shovel":2,"minecraft:rotten_flesh":6,"minecraft:oak_planks":2,"minecraft:iron_boots":3,"minecraft:diamond_shovel":3,"minecraft:filled_map":3,"minecraft:poppy":11,"minecraft:diamond_pickaxe":1,"minecraft:spider_eye":1,"minecraft:wooden_pickaxe":3,"minecraft:bow":20,"minecraft:arrow":33,"minecraft:beef":5,"minecraft:stone_pickaxe":3,"minecraft:netherrack":20,"minecraft:egg":2},"minecraft:killed_by":{"minecraft:player":1,"minecraft:spider":1,"minecraft:iron_golem":3,"minecraft:skeleton":2,"minecraft:zombie":2},"minecraft:killed":{"minecraft:skeleton":8,"minecraft:chicken":1,"minecraft:iron_golem":6,"minecraft:wandering_trader":1,"minecraft:sheep":3,"minecraft:trader_llama":1,"minecraft:zombie":2,"minecraft:cow":1},"minecraft:broken":{"minecraft:stone_pickaxe":1,"minecraft:iron_axe":2},"minecraft:picked_up":{"minecraft:crafting_table":1,"minecraft:chicken":1,"minecraft:smithing_table":1,"minecraft:lead":1,"minecraft:wooden_pickaxe":10,"minecraft:oak_stairs":387,"minecraft:string":5195,"minecraft:iron_axe":16,"minecraft:diamond_leggings":1,"minecraft:gold_nugget":87,"minecraft:bucket":1,"minecraft:beef":18,"minecraft:poppy":14,"minecraft:iron_pickaxe":1,"minecraft:lectern":18,"minecraft:sugar_cane":101,"minecraft:chest":2,"minecraft:furnace":2,"minecraft:iron_boots":3,"minecraft:egg":16,"minecraft:dark_oak_sapling":19,"minecraft:stick":32,"minecraft:raw_iron":11,"minecraft:oak_door":4,"minecraft:composter":1,"minecraft:torch":11,"minecraft:dark_oak_planks":577,"minecraft:arrow":427,"minecraft:stone_shovel":3,"minecraft:rotten_flesh":12,"minecraft:pumpkin_pie":42,"minecraft:diamond_boots":1,"minecraft:glistering_melon_slice":5,"minecraft:obsidian":3,"minecraft:mutton":5,"minecraft:white_wool":3,"minecraft:cobblestone":310,"minecraft:feather":7,"minecraft:lilac":2,"minecraft:water_bucket":1,"minecraft:andesite":1,"minecraft:leather":2,"minecraft:red_mushroom":1,"minecraft:filled_map":3,"minecraft:flint":58,"minecraft:oak_log":145,"minecraft:yellow_bed":11,"minecraft:cobblestone_stairs":9,"minecraft:dirt":166,"minecraft:bone":25,"minecraft:apple":8,"minecraft:bow":21,"minecraft:wheat_seeds":13,"minecraft:iron_ingot":36,"minecraft:stone_pickaxe":7,"minecraft:diamond_helmet":1,"minecraft:fletching_table":9,"minecraft:stone_hoe":10,"minecraft:oak_planks":66,"minecraft:book":7,"minecraft:dark_oak_slab":17,"minecraft:cooked_porkchop":6,"minecraft:sweet_berries":27,"minecraft:gravel":354,"minecraft:blast_furnace":1,"minecraft:white_bed":63,"minecraft:dark_oak_log":104,"minecraft:spider_eye":1,"minecraft:mossy_cobblestone":8,"minecraft:diamond_shovel":4,"minecraft:stone_axe":37,"minecraft:iron_helmet":4,"minecraft:bone_meal":3,"minecraft:bread":64,"minecraft:emerald":128,"minecraft:oak_sapling":1,"minecraft:netherrack":66,"minecraft:coal":68,"minecraft:diamond_pickaxe":2}},"DataVersion":3465}