{"stats":{"minecraft:used":{"minecraft:flint_and_steel":18,"minecraft:stone_shovel":84,"minecraft:poppy":1,"minecraft:chest":3,"minecraft:rotten_flesh":2,"minecraft:netherrack":46,"minecraft:torch":1,"minecraft:dirt":44,"minecraft:mutton":5,"minecraft:diamond_helmet":1,"minecraft:obsidian":3,"minecraft:dark_oak_planks":45,"minecraft:iron_axe":403,"minecraft:oak_stairs":1,"minecraft:iron_helmet":1,"minecraft:dark_oak_slab":12,"minecraft:diamond_chestplate":1,"minecraft:tripwire_hook":2,"minecraft:bow":77,"minecraft:beef":6,"minecraft:oak_sapling":1,"minecraft:egg":9,"minecraft:cooked_beef":1,"minecraft:dark_oak_sapling":17,"minecraft:water_bucket":13,"minecraft:stone_pickaxe":117,"minecraft:oak_planks":14,"minecraft:wooden_pickaxe":19,"minecraft:composter":1,"minecraft:fletching_table":39,"minecraft:white_wool":4,"minecraft:mossy_cobblestone":1,"minecraft:crafting_table":2,"minecraft:blast_furnace":1,"minecraft:white_bed":106,"minecraft:lever":1,"minecraft:diamond_pickaxe":75,"minecraft:apple":3,"minecraft:diamond_shovel":378,"minecraft:bread":17,"minecraft:string":5,"minecraft:iron_pickaxe":54,"minecraft:map":1,"minecraft:lectern":18,"minecraft:gravel":382,"minecraft:stone_axe":91,"minecraft:cobblestone":23,"minecraft:cooked_porkchop":2,"minecraft:smithing_table":1,"minecraft:bucket":14,"minecraft:pumpkin_pie":22,"minecraft:yellow_bed":8},"minecraft:crafted":{"minecraft:oak_planks":52,"minecraft:furnace":1,"minecraft:bone_meal":12,"minecraft:cooked_mutton":1,"minecraft:flint_and_steel":1,"minecraft:diamond_helmet":1,"minecraft:bow":11,"minecraft:stone_pickaxe":2,"minecraft:chest":2,"minecraft:dark_oak_planks":316,"minecraft:cooked_beef":2,"minecraft:emerald":197,"minecraft:cooked_porkchop":1,"minecraft:crafting_table":16,"minecraft:wooden_pickaxe":2,"minecraft:fletching_table":30,"minecraft:stone_axe":2,"minecraft:enchanted_book":1,"minecraft:air":0,"minecraft:white_wool":128,"minecraft:stick":749,"minecraft:white_bed":42,"minecraft:pumpkin_pie":40,"minecraft:diamond_chestplate":1},"minecraft:custom":{"minecraft:mob_kills":24,"minecraft:interact_with_crafting_table":20,"minecraft:leave_game":5,"minecraft:time_since_death":201936,"minecraft:sprint_one_cm":634737,"minecraft:walk_one_cm":891561,"minecraft:drop":218,"minecraft:talked_to_villager":100,"minecraft:play_time":280635,"minecraft:deaths":9,"minecraft:sneak_time":22548,"minecraft:walk_under_water_one_cm":25421,"minecraft:jump":4029,"minecraft:walk_on_water_one_cm":51374,"minecraft:total_world_time":280635,"minecraft:interact_with_furnace":14,"minecraft:traded_with_villager":221,"minecraft:sleep_in_bed":7,"minecraft:time_since_rest":2140,"minecraft:damage_taken":4713,"minecraft:damage_dealt":8496,"minecraft:swim_one_cm":93401,"minecraft:fly_one_cm":550485,"minecraft:player_kills":3,"minecraft:open_chest":47,"minecraft:crouch_one_cm":69991,"minecraft:fall_one_cm":87931},"minecraft:mined":{"minecraft:dark_oak_planks":40,"minecraft:nether_gold_ore":24,"minecraft:white_bed":68,"minecraft:mossy_cobblestone":10,"minecraft:dark_oak_leaves":78,"minecraft:oak_door":1,"minecraft:cobblestone_stairs":3,"minecraft:dark_oak_log":87,"minecraft:obsidian":3,"minecraft:lever":1,"minecraft:grass_block":42,"minecraft:composter":1,"minecraft:tall_seagrass":1,"minecraft:oak_trapdoor":2,"minecraft:furnace":2,"minecraft:dark_oak_trapdoor":2,"minecraft:iron_ore":5,"minecraft:fire":16,"minecraft:andesite":1,"minecraft:fletching_table":9,"minecraft:oak_stairs":119,"minecraft:stone":27,"minecraft:white_wool":2,"minecraft:tripwire":6,"minecraft:smithing_table":1,"minecraft:glass_pane":2,"minecraft:crafting_table":1,"minecraft:torch":2,"minecraft:blast_furnace":1,"minecraft:poppy":1,"minecraft:chest":2,"minecraft:lectern":18,"minecraft:tall_grass":4,"minecraft:cobblestone":129,"minecraft:grindstone":1,"minecraft:sugar_cane":1,"minecraft:oak_planks":48,"minecraft:dark_oak_slab":6,"minecraft:sweet_berry_bush":12,"minecraft:lilac":2,"minecraft:yellow_bed":11,"minecraft:grass":42,"minecraft:oak_log":32,"minecraft:dark_oak_sapling":8,"minecraft:gravel":409,"minecraft:dirt":26,"minecraft:tripwire_hook":3,"minecraft:netherrack":37,"minecraft:oak_leaves":10,"minecraft:fern":1},"minecraft:dropped":{"minecraft:enchanted_book":1,"minecraft:stone_hoe":2,"minecraft:water_bucket":2,"minecraft:iron_ingot":5,"minecraft:bread":17,"minecraft:wheat_seeds":7,"minecraft:lilac":2,"minecraft:oak_log":64,"minecraft:mossy_cobblestone":7,"minecraft:dark_oak_sapling":2,"minecraft:cooked_porkchop":1,"minecraft:feather":5,"minecraft:cobblestone":128,"minecraft:book":3,"minecraft:leather":2,"minecraft:red_mushroom":1,"minecraft:cobblestone_stairs":9,"minecraft:emerald":68,"minecraft:dirt":123,"minecraft:dark_oak_log":25,"minecraft:torch":13,"minecraft:dark_oak_trapdoor":2,"minecraft:diamond_helmet":1,"minecraft:oak_stairs":154,"minecraft:iron_axe":7,"minecraft:iron_pickaxe":1,"minecraft:string":2477,"minecraft:dark_oak_planks":1,"minecraft:tripwire_hook":2,"minecraft:white_wool":2,"minecraft:oak_door":4,"minecraft:gravel":2,"minecraft:furnace":1,"minecraft:stone_axe":16,"minecraft:lever":1,"minecraft:oak_trapdoor":2,"minecraft:raw_iron":3,"minecraft:stone_shovel":2,"minecraft:rotten_flesh":10,"minecraft:oak_planks":2,"minecraft:iron_boots":3,"minecraft:diamond_shovel":3,"minecraft:shears":1,"minecraft:filled_map":3,"minecraft:poppy":12,"minecraft:diamond_pickaxe":1,"minecraft:spider_eye":1,"minecraft:wooden_pickaxe":3,"minecraft:bow":20,"minecraft:arrow":33,"minecraft:beef":5,"minecraft:stone_pickaxe":3,"minecraft:netherrack":20,"minecraft:egg":2},"minecraft:killed_by":{"minecraft:player":1,"minecraft:spider":1,"minecraft:iron_golem":3,"minecraft:skeleton":2,"minecraft:zombie":2},"minecraft:killed":{"minecraft:skeleton":8,"minecraft:chicken":1,"minecraft:iron_golem":7,"minecraft:wandering_trader":1,"minecraft:sheep":3,"minecraft:trader_llama":1,"minecraft:zombie":2,"minecraft:cow":1},"minecraft:broken":{"minecraft:stone_pickaxe":1,"minecraft:iron_axe":2,"minecraft:stone_shovel":1},"minecraft:picked_up":{"minecraft:crafting_table":1,"minecraft:chicken":1,"minecraft:smithing_table":1,"minecraft:lead":1,"minecraft:wooden_pickaxe":10,"minecraft:oak_stairs":387,"minecraft:oak_trapdoor":2,"minecraft:string":10177,"minecraft:dark_oak_trapdoor":2,"minecraft:iron_axe":16,"minecraft:diamond_leggings":1,"minecraft:gold_nugget":87,"minecraft:bucket":1,"minecraft:beef":18,"minecraft:poppy":16,"minecraft:iron_pickaxe":1,"minecraft:lectern":18,"minecraft:sugar_cane":101,"minecraft:chest":2,"minecraft:furnace":2,"minecraft:iron_boots":3,"minecraft:egg":16,"minecraft:dark_oak_sapling":19,"minecraft:stick":32,"minecraft:raw_iron":11,"minecraft:oak_door":4,"minecraft:composter":1,"minecraft:torch":14,"minecraft:dark_oak_planks":673,"minecraft:arrow":427,"minecraft:stone_shovel":3,"minecraft:rotten_flesh":16,"minecraft:pumpkin_pie":42,"minecraft:shears":1,"minecraft:diamond_boots":1,"minecraft:glistering_melon_slice":5,"minecraft:obsidian":3,"minecraft:mutton":5,"minecraft:white_wool":5,"minecraft:cobblestone":344,"minecraft:feather":7,"minecraft:lilac":2,"minecraft:tripwire_hook":4,"minecraft:water_bucket":2,"minecraft:andesite":1,"minecraft:leather":2,"minecraft:red_mushroom":1,"minecraft:filled_map":3,"minecraft:flint":58,"minecraft:oak_log":145,"minecraft:yellow_bed":11,"minecraft:cobblestone_stairs":9,"minecraft:dirt":183,"minecraft:bone":25,"minecraft:apple":8,"minecraft:bow":21,"minecraft:wheat_seeds":13,"minecraft:iron_ingot":40,"minecraft:stone_pickaxe":7,"minecraft:diamond_helmet":1,"minecraft:fletching_table":9,"minecraft:stone_hoe":10,"minecraft:oak_planks":66,"minecraft:book":7,"minecraft:dark_oak_slab":17,"minecraft:cooked_porkchop":6,"minecraft:sweet_berries":27,"minecraft:gravel":354,"minecraft:blast_furnace":1,"minecraft:white_bed":67,"minecraft:dark_oak_log":104,"minecraft:spider_eye":1,"minecraft:mossy_cobblestone":8,"minecraft:diamond_shovel":4,"minecraft:stone_axe":37,"minecraft:lever":2,"minecraft:iron_helmet":4,"minecraft:bone_meal":3,"minecraft:bread":64,"minecraft:emerald":128,"minecraft:oak_sapling":1,"minecraft:netherrack":66,"minecraft:coal":68,"minecraft:diamond_pickaxe":2}},"DataVersion":3465}