{"stats":{"minecraft:killed_by":{"minecraft:zombie":5,"minecraft:player":1,"minecraft:spider":1,"minecraft:iron_golem":4,"minecraft:skeleton":2},"minecraft:killed":{"minecraft:spider":7,"minecraft:skeleton":18,"minecraft:chicken":1,"minecraft:cat":3,"minecraft:salmon":9,"minecraft:iron_golem":16,"minecraft:creeper":1,"minecraft:sheep":3,"minecraft:trader_llama":3,"minecraft:donkey":1,"minecraft:zombie":14,"minecraft:cow":3,"minecraft:phantom":1,"minecraft:wandering_trader":1,"minecraft:enderman":1},"minecraft:used":{"minecraft:iron_shovel":91,"minecraft:poppy":8,"minecraft:chest":3,"minecraft:rotten_flesh":2,"minecraft:mutton":5,"minecraft:obsidian":4,"minecraft:lava_bucket":1,"minecraft:grass_block":1,"minecraft:iron_helmet":1,"minecraft:dark_oak_slab":18,"minecraft:bow":176,"minecraft:dark_oak_boat":8,"minecraft:sweet_berries":5,"minecraft:oak_sapling":1,"minecraft:egg":9,"minecraft:dark_oak_sapling":17,"minecraft:diamond_boots":1,"minecraft:powered_rail":2,"minecraft:stone_pickaxe":117,"minecraft:oak_planks":14,"minecraft:ender_pearl":1,"minecraft:wooden_pickaxe":19,"minecraft:composter":1,"minecraft:diamond_axe":197,"minecraft:white_wool":4,"minecraft:blast_furnace":1,"minecraft:lever":1,"minecraft:bread":41,"minecraft:string":12,"minecraft:lectern":179,"minecraft:gravel":382,"minecraft:diamond_sword":234,"minecraft:smithing_table":1,"minecraft:oak_fence":3,"minecraft:flint_and_steel":18,"minecraft:stone_shovel":84,"minecraft:netherrack":46,"minecraft:torch":2,"minecraft:dirt":226,"minecraft:diamond_helmet":2,"minecraft:dark_oak_planks":49,"minecraft:bookshelf":13,"minecraft:iron_axe":413,"minecraft:oak_stairs":1,"minecraft:diamond_chestplate":2,"minecraft:tripwire_hook":2,"minecraft:beef":6,"minecraft:cooked_beef":1,"minecraft:water_bucket":54,"minecraft:lead":1,"minecraft:fletching_table":40,"minecraft:cobblestone_slab":7,"minecraft:mossy_cobblestone":1,"minecraft:crafting_table":2,"minecraft:white_bed":106,"minecraft:diamond_pickaxe":157,"minecraft:apple":3,"minecraft:diamond_shovel":966,"minecraft:iron_pickaxe":54,"minecraft:map":1,"minecraft:stone_axe":91,"minecraft:cobblestone":90,"minecraft:cooked_porkchop":2,"minecraft:bucket":58,"minecraft:yellow_bed":8,"minecraft:pumpkin_pie":77,"minecraft:diamond_leggings":1},"minecraft:broken":{"minecraft:stone_pickaxe":1,"minecraft:stone_shovel":1,"minecraft:iron_axe":3},"minecraft:crafted":{"minecraft:oak_planks":80,"minecraft:cobblestone_slab":12,"minecraft:diamond_shovel":1,"minecraft:bookshelf":11,"minecraft:cooked_mutton":1,"minecraft:diamond_helmet":1,"minecraft:bow":11,"minecraft:chest":2,"minecraft:oak_fence":3,"minecraft:oak_slab":6,"minecraft:emerald":739,"minecraft:cooked_porkchop":1,"minecraft:crafting_table":16,"minecraft:wooden_pickaxe":2,"minecraft:fletching_table":30,"minecraft:lectern":1,"minecraft:diamond_pickaxe":1,"minecraft:stick":753,"minecraft:furnace":1,"minecraft:bone_meal":12,"minecraft:white_carpet":192,"minecraft:flint_and_steel":1,"minecraft:stone_pickaxe":2,"minecraft:dark_oak_planks":316,"minecraft:cooked_beef":2,"minecraft:bucket":1,"minecraft:stone_axe":2,"minecraft:enchanted_book":7,"minecraft:air":0,"minecraft:white_wool":256,"minecraft:iron_shovel":1,"minecraft:white_bed":42,"minecraft:pumpkin_pie":40,"minecraft:diamond_chestplate":1},"minecraft:dropped":{"minecraft:lapis_lazuli":12,"minecraft:oak_log":64,"minecraft:dark_oak_sapling":2,"minecraft:cooked_porkchop":1,"minecraft:dark_oak_slab":118,"minecraft:lantern":9,"minecraft:leather":5,"minecraft:red_mushroom":1,"minecraft:emerald":126,"minecraft:cobblestone_stairs":9,"minecraft:gold_block":1,"minecraft:dirt":337,"minecraft:dark_oak_log":27,"minecraft:dark_oak_trapdoor":2,"minecraft:pumpkin_pie":32,"minecraft:bone_meal":1,"minecraft:iron_pickaxe":1,"minecraft:dark_oak_planks":65,"minecraft:white_wool":5,"minecraft:bone":8,"minecraft:oak_door":4,"minecraft:gravel":2,"minecraft:stone_axe":16,"minecraft:lever":1,"minecraft:cobbled_deepslate":1,"minecraft:rotten_flesh":15,"minecraft:oak_planks":15,"minecraft:diamond_shovel":5,"minecraft:salmon":9,"minecraft:poppy":13,"minecraft:arrow":33,"minecraft:beef":8,"minecraft:netherrack":20,"minecraft:egg":2,"minecraft:stone_hoe":2,"minecraft:water_bucket":3,"minecraft:enchanted_book":1,"minecraft:iron_ingot":5,"minecraft:bread":89,"minecraft:oak_slab":2,"minecraft:wheat_seeds":22,"minecraft:lilac":2,"minecraft:mossy_cobblestone":7,"minecraft:minecart":1,"minecraft:diamond_leggings":1,"minecraft:feather":5,"minecraft:cobblestone":129,"minecraft:book":3,"minecraft:stick":2,"minecraft:lava_bucket":1,"minecraft:torch":59,"minecraft:diamond_helmet":2,"minecraft:oak_stairs":154,"minecraft:iron_axe":7,"minecraft:iron_shovel":2,"minecraft:string":7737,"minecraft:tripwire_hook":2,"minecraft:furnace":1,"minecraft:oak_trapdoor":2,"minecraft:raw_copper":2,"minecraft:raw_iron":3,"minecraft:stone_shovel":2,"minecraft:white_carpet":320,"minecraft:iron_boots":3,"minecraft:shears":1,"minecraft:flint_and_steel":1,"minecraft:filled_map":3,"minecraft:diamond_sword":2,"minecraft:cobblestone_slab":10,"minecraft:potato":1,"minecraft:diamond_chestplate":1,"minecraft:diamond_pickaxe":1,"minecraft:redstone_torch":1,"minecraft:spider_eye":3,"minecraft:diamond_boots":1,"minecraft:bow":36,"minecraft:stone_pickaxe":3,"minecraft:wooden_pickaxe":3},"minecraft:mined":{"minecraft:dark_oak_planks":42,"minecraft:white_bed":68,"minecraft:cobblestone_stairs":3,"minecraft:obsidian":4,"minecraft:grass_block":353,"minecraft:composter":1,"minecraft:tall_seagrass":1,"minecraft:dark_oak_trapdoor":2,"minecraft:iron_ore":5,"minecraft:fire":17,"minecraft:fletching_table":9,"minecraft:oak_stairs":119,"minecraft:tripwire":6,"minecraft:torch":3,"minecraft:blast_furnace":1,"minecraft:poppy":5,"minecraft:chest":2,"minecraft:cobblestone":148,"minecraft:grindstone":1,"minecraft:sugar_cane":1,"minecraft:oak_planks":48,"minecraft:seagrass":1,"minecraft:powered_rail":1,"minecraft:dark_oak_slab":12,"minecraft:lilac":2,"minecraft:grass":96,"minecraft:oak_log":46,"minecraft:dark_oak_sapling":8,"minecraft:dirt":412,"minecraft:tripwire_hook":3,"minecraft:netherrack":37,"minecraft:oak_leaves":10,"minecraft:nether_gold_ore":24,"minecraft:mossy_cobblestone":10,"minecraft:dark_oak_leaves":78,"minecraft:oak_door":1,"minecraft:dark_oak_log":87,"minecraft:lever":1,"minecraft:oak_trapdoor":2,"minecraft:furnace":2,"minecraft:andesite":1,"minecraft:bookshelf":13,"minecraft:stone":88,"minecraft:white_wool":4,"minecraft:smithing_table":1,"minecraft:glass_pane":3,"minecraft:crafting_table":1,"minecraft:lectern":175,"minecraft:tall_grass":6,"minecraft:copper_ore":1,"minecraft:sweet_berry_bush":12,"minecraft:yellow_bed":11,"minecraft:gravel":409,"minecraft:fern":1},"minecraft:picked_up":{"minecraft:smithing_table":1,"minecraft:lead":9,"minecraft:diamond_sword":6,"minecraft:oak_stairs":387,"minecraft:golden_shovel":1,"minecraft:brewing_stand":1,"minecraft:string":31639,"minecraft:dark_oak_trapdoor":2,"minecraft:raw_copper":2,"minecraft:diamond_leggings":4,"minecraft:gold_nugget":87,"minecraft:cobbled_deepslate":1,"minecraft:bucket":2,"minecraft:redstone_torch":1,"minecraft:cobblestone_slab":5,"minecraft:iron_pickaxe":1,"minecraft:furnace":2,"minecraft:iron_boots":3,"minecraft:stick":32,"minecraft:composter":1,"minecraft:torch":67,"minecraft:rotten_flesh":21,"minecraft:bookshelf":3,"minecraft:obsidian":6,"minecraft:cobblestone":463,"minecraft:feather":7,"minecraft:lilac":2,"minecraft:water_bucket":6,"minecraft:andesite":1,"minecraft:dark_oak_boat":9,"minecraft:potato":2,"minecraft:flint":58,"minecraft:lapis_lazuli":12,"minecraft:lantern":9,"minecraft:dirt":1438,"minecraft:bone":35,"minecraft:bow":41,"minecraft:wheat_seeds":38,"minecraft:diamond_helmet":4,"minecraft:fletching_table":10,"minecraft:powered_rail":2,"minecraft:stone_hoe":10,"minecraft:oak_planks":66,"minecraft:cooked_porkchop":6,"minecraft:grass_block":1,"minecraft:dark_oak_log":106,"minecraft:mossy_cobblestone":8,"minecraft:lever":2,"minecraft:bone_meal":4,"minecraft:bread":160,"minecraft:emerald":276,"minecraft:oak_sapling":1,"minecraft:netherrack":66,"minecraft:diamond_pickaxe":5,"minecraft:crafting_table":1,"minecraft:chicken":1,"minecraft:wooden_pickaxe":10,"minecraft:gold_block":1,"minecraft:oak_trapdoor":2,"minecraft:flint_and_steel":1,"minecraft:iron_axe":16,"minecraft:white_carpet":128,"minecraft:iron_shovel":3,"minecraft:beef":21,"minecraft:poppy":24,"minecraft:lectern":178,"minecraft:minecart":1,"minecraft:sugar_cane":101,"minecraft:chest":2,"minecraft:egg":16,"minecraft:dark_oak_sapling":19,"minecraft:raw_iron":11,"minecraft:oak_door":4,"minecraft:dark_oak_planks":741,"minecraft:arrow":436,"minecraft:stone_shovel":3,"minecraft:diamond_chestplate":3,"minecraft:pumpkin_pie":80,"minecraft:shears":1,"minecraft:diamond_boots":4,"minecraft:glistering_melon_slice":5,"minecraft:mutton":5,"minecraft:white_wool":8,"minecraft:tripwire_hook":4,"minecraft:salmon":32,"minecraft:leather":9,"minecraft:red_mushroom":1,"minecraft:filled_map":3,"minecraft:oak_log":166,"minecraft:yellow_bed":11,"minecraft:cobblestone_stairs":9,"minecraft:apple":8,"minecraft:iron_ingot":66,"minecraft:stone_pickaxe":7,"minecraft:book":41,"minecraft:oak_slab":2,"minecraft:dark_oak_slab":72,"minecraft:sweet_berries":45,"minecraft:gravel":354,"minecraft:blast_furnace":1,"minecraft:white_bed":67,"minecraft:spider_eye":3,"minecraft:diamond_shovel":9,"minecraft:stone_axe":37,"minecraft:iron_helmet":4,"minecraft:diamond_axe":4,"minecraft:coal":68,"minecraft:ender_pearl":1},"minecraft:custom":{"minecraft:animals_bred":1,"minecraft:interact_with_crafting_table":31,"minecraft:leave_game":10,"minecraft:time_since_death":6208,"minecraft:sprint_one_cm":1178842,"minecraft:drop":451,"minecraft:talked_to_villager":519,"minecraft:play_time":562268,"minecraft:deaths":13,"minecraft:jump":9239,"minecraft:walk_on_water_one_cm":226345,"minecraft:interact_with_furnace":14,"minecraft:traded_with_villager":781,"minecraft:sleep_in_bed":17,"minecraft:damage_dealt":22379,"minecraft:player_kills":3,"minecraft:crouch_one_cm":186811,"minecraft:mob_kills":82,"minecraft:walk_one_cm":1613119,"minecraft:sneak_time":47966,"minecraft:walk_under_water_one_cm":70905,"minecraft:boat_one_cm":47622,"minecraft:total_world_time":562268,"minecraft:interact_with_grindstone":1,"minecraft:time_since_rest":5153,"minecraft:damage_taken":8376,"minecraft:swim_one_cm":145497,"minecraft:fly_one_cm":1555940,"minecraft:open_chest":132,"minecraft:fall_one_cm":210364}},"DataVersion":3465}